-- phpMyAdmin SQL Dump
-- version 4.9.5
-- https://www.phpmyadmin.net/
--
-- Host: localhost:3306
-- Generation Time: Aug 23, 2020 at 07:02 PM
-- Server version: 10.3.24-MariaDB
-- PHP Version: 7.3.6

SET SQL_MODE = "NO_AUTO_VALUE_ON_ZERO";
SET AUTOCOMMIT = 0;
START TRANSACTION;
SET time_zone = "+00:00";


/*!40101 SET @OLD_CHARACTER_SET_CLIENT=@@CHARACTER_SET_CLIENT */;
/*!40101 SET @OLD_CHARACTER_SET_RESULTS=@@CHARACTER_SET_RESULTS */;
/*!40101 SET @OLD_COLLATION_CONNECTION=@@COLLATION_CONNECTION */;
/*!40101 SET NAMES utf8mb4 */;

--
-- Database: `segogaring_TiketMisaNew`
--

-- --------------------------------------------------------

--
-- Table structure for table `admin`
--

CREATE TABLE `admin` (
  `id` int(6) NOT NULL,
  `email` varchar(60) NOT NULL,
  `pass` varchar(60) NOT NULL,
  `nama` varchar(60) NOT NULL,
  `alamat` varchar(300) NOT NULL,
  `no_handphone` varchar(15) NOT NULL
) ENGINE=MyISAM DEFAULT CHARSET=latin1;

--
-- Dumping data for table `admin`
--

INSERT INTO `admin` (`id`, `email`, `pass`, `nama`, `alamat`, `no_handphone`) VALUES
(1, 'tan.koko91@gmail.com', '$2y$10$m614AZaNPnm8V8islg/SbeEMEwjcKz5uHSkyWG6xQIUEwa8mKKDUe', 'Tandrianto Koko Gunawan', 'Jl. Raya 101 Prembun, Kebumen, Jawa Tengah, 54394', '085228484899'),
(2, '234@123.com', '$2y$10$fdB4cp6qsHcK2KzCRY8pDegKcGHTTuaD/5wsFMyvkSWpcfJQ1Wyfe', '432', '555', '111');

-- --------------------------------------------------------

--
-- Table structure for table `berita`
--

CREATE TABLE `berita` (
  `beritaid` int(6) NOT NULL,
  `judul` varchar(60) NOT NULL,
  `konten` varchar(8000) NOT NULL,
  `datecreated` datetime NOT NULL,
  `createdby` varchar(60) NOT NULL
) ENGINE=MyISAM DEFAULT CHARSET=latin1;

--
-- Dumping data for table `berita`
--

INSERT INTO `berita` (`beritaid`, `judul`, `konten`, `datecreated`, `createdby`) VALUES
(1, 'Misa New Normal', 'Misa Gereja St. Antonius Padua Kotabaru Yogyakarta menggunakan metode Misa New Normal', '2020-08-22 17:04:30', '1');

-- --------------------------------------------------------

--
-- Table structure for table `blok`
--

CREATE TABLE `blok` (
  `blokid` int(6) NOT NULL,
  `namablok` varchar(60) NOT NULL
) ENGINE=MyISAM DEFAULT CHARSET=latin1;

--
-- Dumping data for table `blok`
--

INSERT INTO `blok` (`blokid`, `namablok`) VALUES
(1, 'ANTIOKHIA'),
(2, 'EFESUS'),
(3, 'EMAUS'),
(4, 'GALILEA'),
(5, 'TIBERIAS'),
(6, 'YERIKHO'),
(7, 'YUDEA');

-- --------------------------------------------------------

--
-- Table structure for table `jadwal`
--

CREATE TABLE `jadwal` (
  `jadwalid` int(6) NOT NULL,
  `tanggal` date NOT NULL,
  `jam` time NOT NULL,
  `romo` varchar(60) NOT NULL,
  `tema` varchar(300) NOT NULL,
  `aktif` tinyint(1) NOT NULL,
  `blok1` tinyint(1) NOT NULL,
  `blok2` tinyint(1) NOT NULL,
  `blok3` tinyint(1) NOT NULL,
  `blok4` tinyint(1) NOT NULL,
  `blok5` tinyint(1) NOT NULL,
  `blok6` tinyint(1) NOT NULL,
  `blok7` tinyint(1) NOT NULL
) ENGINE=MyISAM DEFAULT CHARSET=latin1;

--
-- Dumping data for table `jadwal`
--

INSERT INTO `jadwal` (`jadwalid`, `tanggal`, `jam`, `romo`, `tema`, `aktif`, `blok1`, `blok2`, `blok3`, `blok4`, `blok5`, `blok6`, `blok7`) VALUES
(1, '2020-07-12', '07:00:00', 'Rm. Agus Harimurti', 'Indonesia Merdeka', 1, 1, 1, 1, 1, 1, 1, 1),
(2, '2020-07-12', '06:00:00', 'Rm. Adi Suroto', 'Gereja Berbakti', 1, 0, 0, 0, 0, 0, 1, 0),
(3, '2020-07-26', '07:00:00', 'Rm. Anton', 'Misa Berbudaya', 0, 1, 1, 1, 1, 1, 1, 1),
(4, '2020-07-27', '03:00:00', 'Rm. Heru Pratomo', 'Umat Percaya', 0, 1, 1, 1, 1, 1, 1, 1),
(5, '2020-07-28', '18:00:00', 'Rm. Warno Utomo', 'Asam Jawa, Garam Laut', 1, 1, 1, 1, 1, 1, 1, 1),
(6, '2020-07-29', '02:00:00', 'Romo Budi Prasetyo', 'Memasak Iman', 1, 1, 0, 1, 0, 1, 0, 1),
(7, '2020-09-27', '07:00:00', 'Romo Bambang', 'Percayalah', 0, 1, 1, 1, 1, 1, 1, 1);

-- --------------------------------------------------------

--
-- Table structure for table `lingkungan`
--

CREATE TABLE `lingkungan` (
  `lingkungan_id` int(11) NOT NULL,
  `lingkungan` varchar(30) NOT NULL,
  `paroki_id` varchar(10) NOT NULL,
  `keterangan` varchar(100) NOT NULL,
  `passcode` varchar(10) NOT NULL
) ENGINE=MyISAM DEFAULT CHARSET=latin1;

--
-- Dumping data for table `lingkungan`
--

INSERT INTO `lingkungan` (`lingkungan_id`, `lingkungan`, `paroki_id`, `keterangan`, `passcode`) VALUES
(1, 'Agustinus', 'KOBAR', '', '38342'),
(2, 'Aloysius', 'KOBAR', '', '73622'),
(3, 'Bernadetta', 'KOBAR', '', '24609'),
(4, 'Elisabeth', 'KOBAR', '', '39236'),
(5, 'Gregorius', 'KOBAR', '', '18205'),
(6, 'Ignatius', 'KOBAR', '', '71959'),
(7, 'Maria Assumpta', 'KOBAR', '', '27332'),
(8, 'Maria Immaculata', 'KOBAR', '', '50454'),
(9, 'Matius', 'KOBAR', '', '72610'),
(10, 'Pankrasius', 'KOBAR', '', '86097'),
(11, 'Paulus', 'KOBAR', '', '34857'),
(12, 'Petrus', 'KOBAR', '', '27947'),
(13, 'Servatius', 'KOBAR', '', '94852'),
(14, 'Stefanus', 'KOBAR', '', '27499'),
(15, 'Theresia Avilla', 'KOBAR', '', '23056'),
(16, 'Theresia KY', 'KOBAR', '', '52004'),
(17, 'Thomas Aquino', 'KOBAR', '', '93559'),
(18, 'Veronica', 'KOBAR', '', '55721'),
(19, 'Yakobus', 'KOBAR', '', '76893'),
(20, 'Yohanes Paulus', 'KOBAR', '', '77467'),
(21, 'Yohanes Rasul', 'KOBAR', '', '98850'),
(22, 'Yosef Benediktus', 'KOBAR', '', '71984'),
(23, 'Yosephus', 'KOBAR', '', '99953'),
(24, 'Yusuf', 'KOBAR', '', '44991');

-- --------------------------------------------------------

--
-- Table structure for table `otp`
--

CREATE TABLE `otp` (
  `email` varchar(60) NOT NULL,
  `kodeotp` varchar(174) NOT NULL,
  `datecreated` datetime NOT NULL
) ENGINE=MyISAM DEFAULT CHARSET=latin1;

-- --------------------------------------------------------

--
-- Table structure for table `paroki`
--

CREATE TABLE `paroki` (
  `paroki_id` varchar(10) NOT NULL,
  `paroki` varchar(100) NOT NULL,
  `keterangan` varchar(200) NOT NULL
) ENGINE=MyISAM DEFAULT CHARSET=latin1;

--
-- Dumping data for table `paroki`
--

INSERT INTO `paroki` (`paroki_id`, `paroki`, `keterangan`) VALUES
('KOBAR', 'Santo Antonius Padua Kotabaru Yogyakarta', '');

-- --------------------------------------------------------

--
-- Table structure for table `pemesanan`
--

CREATE TABLE `pemesanan` (
  `pesananid` int(6) NOT NULL,
  `jadwalid` int(6) NOT NULL,
  `userid` int(6) NOT NULL,
  `blokid` int(6) NOT NULL,
  `nokursi` int(6) NOT NULL,
  `datecreated` datetime NOT NULL,
  `passkey` varchar(6) NOT NULL,
  `hadir` tinyint(1) NOT NULL DEFAULT 0,
  `confirmedby` int(6) NOT NULL
) ENGINE=MyISAM DEFAULT CHARSET=latin1;

--
-- Dumping data for table `pemesanan`
--

INSERT INTO `pemesanan` (`pesananid`, `jadwalid`, `userid`, `blokid`, `nokursi`, `datecreated`, `passkey`, `hadir`, `confirmedby`) VALUES
(58, 1, 20, 2, 325, '2020-08-23 11:00:25', 'WVUSMN', 0, 0),
(57, 1, 19, 1, 394, '2020-08-23 10:32:12', 'MZWMZB', 1, 1),
(53, 5, 13, 4, 85, '2020-08-21 15:16:31', 'MBQUAU', 0, 0),
(52, 6, 11, 7, 362, '2020-08-21 14:44:16', 'MQPYEL', 0, 0),
(56, 1, 11, 1, 443, '2020-08-22 16:37:13', 'FWYNFK', 0, 0),
(12, 6, 12, 1, 391, '2020-08-14 19:41:15', 'AOWCNV', 0, 0),
(13, 1, 12, 1, 392, '2020-08-14 19:43:36', 'JDIMAF', 0, 0),
(51, 5, 11, 5, 282, '2020-08-21 14:43:23', 'YPGOGP', 0, 0),
(54, 1, 14, 3, 226, '2020-08-21 23:52:45', 'NUIPXK', 0, 0),
(55, 6, 15, 1, 393, '2020-08-22 00:31:20', 'IAPAZE', 0, 0);

-- --------------------------------------------------------

--
-- Table structure for table `staff`
--

CREATE TABLE `staff` (
  `id` int(6) NOT NULL,
  `email` varchar(60) NOT NULL,
  `pass` varchar(60) NOT NULL,
  `nama` varchar(60) NOT NULL,
  `alamat` varchar(300) NOT NULL,
  `no_handphone` varchar(15) NOT NULL
) ENGINE=MyISAM DEFAULT CHARSET=latin1;

--
-- Dumping data for table `staff`
--

INSERT INTO `staff` (`id`, `email`, `pass`, `nama`, `alamat`, `no_handphone`) VALUES
(1, 'tan.koko91@gmail.com', '$2y$10$serQ85Tqb2VSiJBOCPjhXuQGiotuRyusTn6sZgOcm.b3Feetn7RBm', '432', '555', '111');

-- --------------------------------------------------------

--
-- Table structure for table `umat`
--

CREATE TABLE `umat` (
  `umat_id` int(11) NOT NULL,
  `lingkungan_id` int(11) NOT NULL,
  `paroki_id` varchar(10) NOT NULL,
  `nama` varchar(100) NOT NULL,
  `tempat_lahir` varchar(100) NOT NULL,
  `tanggal_lahir` date NOT NULL,
  `nik` varchar(25) NOT NULL
) ENGINE=MyISAM DEFAULT CHARSET=latin1;

--
-- Dumping data for table `umat`
--

INSERT INTO `umat` (`umat_id`, `lingkungan_id`, `paroki_id`, `nama`, `tempat_lahir`, `tanggal_lahir`, `nik`) VALUES
(1, 1, '1', 'Roswita Radni Gnadne Asa', 'Yogyakarta', '2009-09-30', ''),
(2, 1, '1', 'David Pazia', 'Yogyakarta', '2009-02-12', ''),
(3, 1, '1', 'Vindesta Sukarno', 'Yogyakarta', '2008-12-31', ''),
(4, 1, '1', 'Kinan Hatmanti', 'Yogyakarta', '2008-09-30', ''),
(5, 1, '1', 'Anggun Amalia Puspita', 'Surakarta', '2008-08-14', ''),
(6, 1, '1', 'Mikael Valentino Putra Yosamba', 'Yogyakarta', '2005-05-11', ''),
(7, 1, '1', 'Adrian Yohan Twinov Putra', 'Yogyakarta', '2004-11-13', ''),
(8, 1, '1', 'Maria Prima Wana Gratia Divina', 'Sleman', '2004-06-02', ''),
(9, 1, '1', 'Elisabeth Eka Wana Gratia Divina', 'Sleman', '2004-06-02', ''),
(10, 1, '1', 'Kent Ricard Purnomo', 'Yogyakarta', '2004-05-18', ''),
(11, 1, '1', 'Aryo Kusumo', 'Surakarta', '2003-04-25', ''),
(12, 1, '1', 'Anita Haryodi', 'Unknown', '2002-12-22', ''),
(13, 1, '1', 'Nadya Gany', 'Bogor', '2002-09-13', ''),
(14, 1, '1', 'Setiar Sumarka', 'Ngawi', '2001-08-01', ''),
(15, 1, '1', 'Kevin Handriutomo', 'Yogyakarta', '2001-01-07', ''),
(16, 1, '1', 'Alifia Arsy Dikka Lazuardi', 'Yogyakarta', '2000-12-13', ''),
(17, 1, '1', 'Kristanto Haryodi', 'Yogyakarta', '2000-12-01', ''),
(18, 1, '1', 'Gilang Sheva Gautama', 'Yogyakarta', '2000-05-01', ''),
(19, 1, '1', 'Adriana Arya Putri', 'Yogyakarta', '2000-04-30', ''),
(20, 1, '1', 'Yanuar Christian', 'Yogyakarta', '1999-01-09', ''),
(21, 1, '1', 'Kevin Purnomo', 'Yogyakarta', '1998-07-28', ''),
(22, 1, '1', 'Ayudya Dea Dwi Pertiwi', 'Yogyakarta', '1997-10-27', ''),
(23, 1, '1', 'Paska Maharani', 'Yogyakarta', '1996-04-06', ''),
(24, 1, '1', 'Kevin Julian Gany', 'Medan', '1995-07-17', ''),
(25, 1, '1', 'Edmundo Maldini', 'Yogyakarta', '1995-07-15', ''),
(26, 1, '1', 'Ayu Putri Listyoningrum', 'Surakarta', '1994-11-14', ''),
(27, 1, '1', 'Alfian Dika Harnasa', 'Yogyakarta', '1994-04-22', ''),
(28, 1, '1', 'Aryani Widyashanti', 'Yogyakarta', '1994-02-08', ''),
(29, 1, '1', 'Nur `Aini Maghfiroh', 'Surakarta', '1992-06-22', ''),
(30, 1, '1', 'Deny Tri Chrismanto', 'Yogyakarta', '1991-12-15', ''),
(31, 1, '1', 'Hetty Primasari', 'Yogyakarta', '1991-08-11', ''),
(32, 1, '1', 'Raden Agoeng Bhimasta', 'Yogyakarta', '1990-11-22', ''),
(33, 1, '1', 'Bramantyo Guido Ardana', 'Yogyakarta', '1990-08-30', ''),
(34, 1, '1', 'I Made Ervan Adyana Putra', 'Bali', '1989-11-21', ''),
(35, 1, '1', 'Haryo Praptomo', 'Klaten', '1989-09-01', ''),
(36, 1, '1', 'Roberta Imma Dyas', 'Purworejo', '1989-03-31', ''),
(37, 1, '1', 'Damar Kandela', 'Yogyakarta', '1989-03-20', ''),
(38, 1, '1', 'Anggara Roya Bagus Perdana', 'Yogyakarta', '1987-10-30', ''),
(39, 1, '1', 'Tri Nugroho', 'Bantul', '1987-08-13', ''),
(40, 1, '1', 'Buwono Pradipto', 'Yogyakarta', '1987-04-15', ''),
(41, 1, '1', 'Mahargyaningtyas', 'Yogyakarta', '1987-02-08', ''),
(42, 1, '1', 'Ervani Devi Natalia', 'Yogyakarta', '1986-12-25', ''),
(43, 1, '1', 'Dody Setiawan', 'Yogyakarta', '1985-10-24', ''),
(44, 1, '1', 'Dimas Candra P.', 'Yogyakarta', '1985-07-04', ''),
(45, 1, '1', 'Devi Dwi Febriani', 'Yogyakarta', '1985-05-03', ''),
(46, 1, '1', 'Atomita Restu Arfines', 'Yogyakarta', '1985-04-26', ''),
(47, 1, '1', 'Veronica Suko Danasrayaningsih', 'Yogyakarta', '1985-04-11', ''),
(48, 1, '1', 'Ita Kurniati', 'Surabaya', '1985-03-06', ''),
(49, 1, '1', 'Danang Tri Sukarno', 'Yogyakarta', '1984-08-01', ''),
(50, 1, '1', 'Taty Susilowaty', 'Yogyakarta', '1984-07-13', ''),
(51, 1, '1', 'Novandha Maharani Maradji', 'Yogyakarta', '1983-11-13', ''),
(52, 1, '1', 'Elisabeth Nugrahastuti', 'Yogyakarta', '1983-06-10', ''),
(53, 1, '1', 'Erna Ekawati', 'Yogyakarta', '1982-06-16', ''),
(54, 1, '1', 'Danang Wahyu Setiawan', 'Yogyakarta', '1982-02-24', ''),
(55, 1, '1', 'Catur Prasetya Nugroho', 'Yogyakarta', '1981-09-01', ''),
(56, 1, '1', 'Hardi Agus Tri Putro', 'Unknown', '1981-08-18', ''),
(57, 1, '1', 'Deddy Dharma Setyawan', 'Yogyakarta', '1980-10-20', ''),
(58, 1, '1', 'Dian Permana', 'Yogyakarta', '1980-06-15', ''),
(59, 1, '1', 'Bangun Ardi Kurniawan', 'Yogyakarta', '1980-06-07', ''),
(60, 1, '1', 'Ratna Setyaningrum', 'Jakarta', '1979-04-09', ''),
(61, 1, '1', 'Gita Embun Suryaningsih', 'Yogyakarta', '1978-07-15', ''),
(62, 1, '1', 'Aradea Sarosa', 'Yogyakarta', '1978-02-09', ''),
(63, 1, '1', 'Victorianus Novianto Kurnia Putra', 'Yogyakarta', '1977-11-02', ''),
(64, 1, '1', 'Roy Muryo Kusumo', 'Yogyakrta', '1977-04-01', ''),
(65, 1, '1', 'Wahyu Ikasari Lianinasih', 'Yogyakarta', '1976-08-21', ''),
(66, 1, '1', 'Emawati Risriyani', 'Surakarta', '1976-05-18', ''),
(67, 1, '1', 'Sukinah', 'Wonosobo', '1975-05-21', ''),
(68, 1, '1', 'Jarot Marsudi', 'Yogyakarta', '1975-03-12', ''),
(69, 1, '1', 'Maria Esty Maryani', 'Yogyakarta', '1975-03-01', ''),
(70, 1, '1', 'Titik Hersetyowati', 'Yogyakarta', '1974-05-25', ''),
(71, 1, '1', 'Yohanes Natalis', 'Menyumbung', '1973-12-06', ''),
(72, 1, '1', 'Unik Ariani', 'Yogyakarta', '1973-01-17', ''),
(73, 1, '1', 'Yuanes Indarto', 'Rejodadi', '1972-11-10', ''),
(74, 1, '1', 'Endang Wahyuningsih', 'Kulonprogo', '1972-06-12', ''),
(75, 1, '1', 'Anang Pamoko', 'Yogyakarta', '1972-01-01', ''),
(76, 1, '1', 'Dandun Dwi Ratmoro, S.E', 'Yogyakarta', '1971-03-20', ''),
(77, 1, '1', 'Sri Rahayu Handayani', 'Surakarta', '1970-08-04', ''),
(78, 1, '1', 'Uray Juniartini', 'Sambas', '1970-06-30', ''),
(79, 1, '1', 'Panji Sukmono Lilik', 'Jakarta', '1970-04-27', ''),
(80, 1, '1', 'Tri Winarsih', 'Yogyakarta', '1970-03-17', ''),
(81, 1, '1', 'Tjondro Purnomo', 'Yogyakarta', '1969-07-27', ''),
(82, 1, '1', 'Fanny Susilowati Liem', 'Purworejo', '1969-03-25', ''),
(83, 1, '1', 'Janti Keulana', 'Yogyakarta', '1968-03-09', ''),
(84, 1, '1', 'Siwi Dwi Harsanti, Drg', 'Sleman', '1967-11-22', ''),
(85, 1, '1', 'Susi Widayati', 'Yogyakarta', '1967-08-10', ''),
(86, 1, '1', 'Yohanes Santosa', 'Wonosari', '1967-07-18', ''),
(87, 1, '1', 'Rusdi Hartono', 'Magelang', '1967-05-01', ''),
(88, 1, '1', 'Bambang Purnomo', 'Semarang', '1966-09-20', ''),
(89, 1, '1', 'Ninik Agustini', 'Bali', '1966-08-08', ''),
(90, 1, '1', 'Sri Raharjo', 'Sukoharjo', '1965-12-24', ''),
(91, 1, '1', 'Anastasia Asih', 'Yogyakarta', '1965-12-04', ''),
(92, 1, '1', 'Darundia', 'Ternate', '1965-09-24', ''),
(93, 1, '1', 'Yayuk Rahayu', 'Yogyakarta', '1965-09-21', ''),
(94, 1, '1', 'Suyatini', 'Yogyakarta', '1965-06-27', ''),
(95, 1, '1', 'Yosef Handriutomo', 'Yogyakarta', '1965-06-20', ''),
(96, 1, '1', 'Mulyaningsih', 'Yogyakarta', '1964-12-08', ''),
(97, 1, '1', 'Ambar Widiantono', 'Yogyakarta', '1964-02-28', ''),
(98, 1, '1', 'Marhastuti', 'Yogyakarta', '1963-03-07', ''),
(99, 1, '1', 'Siti Mahargyarini', 'Yogyakarta', '1963-02-01', ''),
(100, 1, '1', 'Hokky Puji Haryodi', 'Rembang', '1962-11-26', ''),
(101, 1, '1', 'Sudaryanti', 'Boro Kulonprogo', '1961-08-30', ''),
(102, 1, '1', 'Suroto', 'Yogyakarta', '1961-06-16', ''),
(103, 1, '1', 'Mario Simanjuntak', 'Tanjung Pinang', '1961-02-26', ''),
(104, 1, '1', 'Mujiati', 'Yogyakarta', '1960-10-30', ''),
(105, 1, '1', 'Endang Hartati', 'Wates', '1960-10-13', ''),
(106, 1, '1', 'Theresia Sri Suratmini', 'Sleman', '1960-07-27', ''),
(107, 1, '1', 'Mintargo Kusno', 'Rembang', '1959-08-29', ''),
(108, 1, '1', 'Elly Irawati', 'Kediri', '1959-04-18', ''),
(109, 1, '1', 'Sri Sarsijamsih', 'Yogyakarta', '1959-04-05', ''),
(110, 1, '1', 'Gan Iwan Gany', 'Semarang', '1958-12-11', ''),
(111, 1, '1', 'Suhendro', 'Yogyakarta', '1958-08-01', ''),
(112, 1, '1', 'Lani Yati', 'Yogyakarta', '1958-07-30', ''),
(113, 1, '1', 'Y. Ratna Yuniyani', 'Yogyakarta', '1958-06-22', ''),
(114, 1, '1', 'Suparno', 'Surabaya', '1958-04-04', ''),
(115, 1, '1', 'Nuri Utami', 'Yogyakarta', '1958-03-21', ''),
(116, 1, '1', 'Supriyaningsih', 'Yogyakarta', '1958-02-24', ''),
(117, 1, '1', 'Supriyatno', 'Yogyakarta', '1957-12-26', ''),
(118, 1, '1', 'Suhartini', 'Yogyakarta', '1957-08-07', ''),
(119, 1, '1', 'Widyatmaka', 'Semarang', '1957-02-02', ''),
(120, 1, '1', 'Sukaptiyah', 'Yogyakarta', '1956-07-19', ''),
(121, 1, '1', 'Sunaryo Iskandar', 'Pasuruan', '1956-01-05', ''),
(122, 1, '1', 'Henny Endang Purnomowati', 'Kendal', '1955-12-06', ''),
(123, 1, '1', 'Sri Harini', 'Magetan', '1955-06-26', ''),
(124, 1, '1', 'Suprapti', 'Yogyakarta', '1955-05-05', ''),
(125, 1, '1', 'Harijanto', 'Yogyakarta', '1955-04-30', ''),
(126, 1, '1', 'Surini', 'Yogyakarta', '1955-03-26', ''),
(127, 2, '1', 'Aurelia Gracia Sandi', 'Yogyakarta', '2009-08-04', ''),
(128, 2, '1', 'Nathanael Mayesa Lintang Nayaka', 'Yogyakarta', '2009-05-15', ''),
(129, 2, '1', 'Mikael Maria Amadeo Putradeva', 'Yogyakarta', '2009-04-01', ''),
(130, 2, '1', 'Gabriel Maria Amadeus Putradeva', 'Yogyakarta', '2009-04-01', ''),
(131, 2, '1', 'Nareswara Claydianto', 'Yogyakarta', '2008-07-13', ''),
(132, 2, '1', 'Sandra Dian Kaloka', 'Yogyakarta', '2006-09-15', ''),
(133, 2, '1', 'Imanuel Adon Pradito', 'Yogyakarta', '2005-04-20', ''),
(134, 2, '1', 'Angela Maria Aletta Putri Maharani', 'Yogyakarta', '2004-04-15', ''),
(135, 2, '1', 'Christophorus Yan Krisnasakti', 'Yogyakarta', '2003-07-31', ''),
(136, 2, '1', 'Anindya Franciska Cavalera', 'Yogyakarta', '2002-04-02', ''),
(137, 2, '1', 'Daniel Eka Pratama Putra Viara', 'Batam', '2002-03-12', ''),
(138, 2, '1', 'Antonius Sandi Bimantoro', 'Yogyakarta', '2001-04-10', ''),
(139, 2, '1', 'Angelina Sandi Devina Putri', 'Yogyakarta', '1996-10-06', ''),
(140, 2, '1', 'Petrus Indrawan Yulianto', 'Yogyakarta', '1996-07-10', ''),
(141, 2, '1', 'Andreas Satria Dewangga', 'Yogyakarta', '1995-08-29', ''),
(142, 2, '1', 'Febriyani Elisabeth', 'Yogyakarta', '1995-02-28', ''),
(143, 2, '1', 'Martha Dwi Puspitasari', 'Yogyakarta', '1994-03-06', ''),
(144, 2, '1', 'Theresia Ika Novita Rahayu', 'Denpasar', '1992-08-08', ''),
(145, 2, '1', 'Yohanes Dimas Kristanto', 'Semarang', '1987-09-05', ''),
(146, 2, '1', 'Ag. Yudha Prahoro', 'Yogyakarta', '1985-02-21', ''),
(147, 2, '1', 'I. Ria Wikantari', 'Jakarta Timur', '1984-11-28', ''),
(148, 2, '1', 'Natalia Dina Nawang Sari', 'Yogyakarta', '1981-12-23', ''),
(149, 2, '1', 'Vincentius Dony Prastowo', 'Yogyakarta', '1980-01-23', ''),
(150, 2, '1', 'Servasius Priyo Nurdwiyanto', 'Sikka', '1979-09-02', ''),
(151, 2, '1', 'Bernardus Ananto Kasworo', 'Yogyakarta', '1978-09-01', ''),
(152, 2, '1', 'Antonius Saptono', 'Yogyakarta', '1978-04-08', ''),
(153, 2, '1', 'Marcellia Minarni', 'Yogyakarta', '1978-01-16', ''),
(154, 2, '1', 'Dwi Endang Prihati', 'Yogyakarta', '1976-08-05', ''),
(155, 2, '1', 'Ika Achemurti D.', 'Yogyakarta', '1975-03-11', ''),
(156, 2, '1', 'Heru Pranowo A.', 'Yogyakarta', '1973-09-03', ''),
(157, 2, '1', 'Anastasia Ani Sri Purwani', 'Yogyakarta', '1973-08-22', ''),
(158, 2, '1', 'Andriana Dwi Asanti', 'Bantul', '1972-11-10', ''),
(159, 2, '1', 'Andreas Danar Krissetyanto', 'Yogyakarta', '1970-12-20', ''),
(160, 2, '1', 'Suharmanto', 'Yogyakarta', '1966-06-05', ''),
(161, 2, '1', 'Endang Triningsih', 'Yogyakarta', '1963-04-17', ''),
(162, 2, '1', 'Theresia Rusni Indrayati', 'Yogyakarta', '1962-08-23', ''),
(163, 2, '1', 'V. Supono', 'Yogyakarta', '1961-01-21', ''),
(164, 2, '1', 'Veronica Indriyatmi', 'Yogyakarta', '1960-08-08', ''),
(165, 2, '1', 'E. Djoko Sasongko', 'Yogyakarta', '1960-07-16', ''),
(166, 2, '1', 'C. Saddi Anggoro Priyono, S.H.', 'Yogyakarta', '1960-04-26', ''),
(167, 2, '1', 'A. Sri Wahyuni', 'Yogyakarta', '1959-12-14', ''),
(168, 2, '1', 'Sumaryatmi', 'Yogyakarta', '1959-03-23', ''),
(169, 2, '1', 'Triyono Slamet', 'Yogyakarta', '1958-10-29', ''),
(170, 2, '1', 'Maria Theresia Wiratni Yuni', 'Yogyakarta', '1955-06-22', ''),
(171, 3, '1', 'Carolus Boromeus Elang Condrobirowo', 'Yogyakarta', '2007-03-02', ''),
(172, 3, '1', 'Emmanuela Radya Gayatri', 'Yogyakarta', '2006-08-04', ''),
(173, 3, '1', 'Filumeria Cynthia Condrobirowo', 'Yogyakarta', '2006-01-05', ''),
(174, 3, '1', 'Dominikus Raya Matrixia Alfabert', 'Yogyakarta', '2005-06-29', ''),
(175, 3, '1', 'Veronika Pengluwis Cipta Damai', 'Yogyakarta', '2004-11-11', ''),
(176, 3, '1', 'Yonatan Narsius Umbas', 'Yogyakarta', '2004-04-26', ''),
(177, 3, '1', 'Lusia Rossa Wulandari', 'Batam, Kota Batam', '2003-10-24', ''),
(178, 3, '1', 'Bertha Fidelia Putri Permatasari', 'Sleman', '2003-05-11', ''),
(179, 3, '1', 'Stefanus Ceasar Arma Kristianto', 'Yogyakarta', '2003-03-28', ''),
(180, 3, '1', 'Sesilia Elda Kristiana Putri', 'Yogyakarta', '2003-02-25', ''),
(181, 3, '1', 'Yohanes Kevin Umbas', 'Yogyakarta', '2002-10-09', ''),
(182, 3, '1', 'Christopher Dian Ariadne', 'Yogyakarta', '2001-04-22', ''),
(183, 3, '1', 'Christabel Dion Ariadne', 'Yogyakarta', '2001-04-22', ''),
(184, 3, '1', 'Intan Kursillah', 'Semarang', '2001-02-06', ''),
(185, 3, '1', 'Benedictus Kevin Kurniawan', 'Jakarta', '2000-11-28', ''),
(186, 3, '1', 'Yusuf Nanda Praditya', 'Yogyakarta', '2000-07-27', ''),
(187, 3, '1', 'Yovi Lioni', 'Yogyakarta', '2000-04-26', ''),
(188, 3, '1', 'Yofa Liona', 'Yogyakarta', '2000-04-26', ''),
(189, 3, '1', 'Angela Inez Christabel', 'Kota Semarang', '2000-03-07', ''),
(190, 3, '1', 'Anastasia Eka Wulan Utami', 'Metro Lampung', '1998-10-06', ''),
(191, 3, '1', 'Laras Ajeng Aryanti', 'Yogyakarta', '1998-09-07', ''),
(192, 3, '1', 'Gabriela Tetranatali Anjani', 'Kota Pontianak', '1997-12-29', ''),
(193, 3, '1', 'Albertus Konta Reinhart', 'Yogyakarta', '1997-11-15', ''),
(194, 3, '1', 'Niken Inderajati', 'Yogyakarta', '1996-12-09', ''),
(195, 3, '1', 'Alexander Dimas Ariadne', 'Yogyakarta', '1996-11-20', ''),
(196, 3, '1', 'Amadeus Andre Momoralies Putra', 'Yogyakarta', '1995-03-30', ''),
(197, 3, '1', 'Laurenz Ives Wardhana', 'Bandung', '1994-05-15', ''),
(198, 3, '1', 'Gabriella Yosie Puspaning Tyas', 'Bandung', '1993-06-26', ''),
(199, 3, '1', 'Gerardus Bovis Narendra Pratama', 'Yogyakarta', '1992-01-12', ''),
(200, 3, '1', 'Dewi Linggasari', 'Sleman', '1991-12-22', ''),
(201, 3, '1', 'Martina Riyanti', 'Magelang', '1991-04-17', ''),
(202, 3, '1', 'Donny Indera Pratama', 'Yogyakarta', '1990-11-23', ''),
(203, 3, '1', 'Lucia Thisda', 'Sleman', '1988-12-08', ''),
(204, 3, '1', 'Lidwina Galuh Revembria', 'Yogyakarta', '1987-11-02', ''),
(205, 3, '1', 'Elisabeth Sekar Probojati,Sh', 'Yogyakarta', '1986-10-31', ''),
(206, 3, '1', 'Martinus Sapto Pamungkas', 'Klaten', '1986-07-22', ''),
(207, 3, '1', 'Maria Magdalena Sinta Wardani', 'Yogyakarta', '1986-05-26', ''),
(208, 3, '1', 'Yosef Benedictus Titen Hapsoro', 'Yogyakarta', '1985-07-07', ''),
(209, 3, '1', 'Theresia Ismiyati', 'Yogyakarta', '1984-10-28', ''),
(210, 3, '1', 'Heru Santosa', 'Sleman', '1983-08-04', ''),
(211, 3, '1', 'Alexander Dinar Ramadhani', 'Yogyakarta', '1983-07-11', ''),
(212, 3, '1', 'Agatha Purwanti', 'Gunungkidul', '1982-02-14', ''),
(213, 3, '1', 'Chatarina Misa Ekaristi', 'Yogyakarta', '1981-12-21', ''),
(214, 3, '1', 'Fx. Adi Nugroho Indrajaya', 'Yogyakarta', '1981-12-05', ''),
(215, 3, '1', 'Bambang Prasetya', 'Yogyakarta', '1981-06-07', ''),
(216, 3, '1', 'Agustinus Heryanto Wignyowinarko', 'Wonosobo', '1980-08-14', ''),
(217, 3, '1', 'Ronie Alfabert', 'Yogyakarta', '1978-06-16', ''),
(218, 3, '1', 'Margaretha Febrianti Dian Kuswandani', 'Sleman', '1978-02-22', ''),
(219, 3, '1', 'Agustinus Suratman', 'Sleman', '1977-07-02', ''),
(220, 3, '1', 'Antari Pangastuti', 'Yogyakarta', '1977-03-06', ''),
(221, 3, '1', 'Anton Prihananto', 'Kulon Progo', '1975-10-21', ''),
(222, 3, '1', 'Suprapti', 'Yogyakarta', '1974-01-01', ''),
(223, 3, '1', 'Sri Indahyani', 'Cirebon', '1972-10-10', ''),
(224, 3, '1', 'Dwi Indah Kurniasih Wintolo Sari', 'Yogyakarta', '1972-01-12', ''),
(225, 3, '1', 'Rm. Danarto Adiputro', 'Yogyakarta', '1971-11-06', ''),
(226, 3, '1', 'Ignatius Rudijanto', 'Yogyakarta', '1971-06-28', ''),
(227, 3, '1', 'Agung Harjanto', 'Yogyakarta', '1970-11-25', ''),
(228, 3, '1', 'Lucya Budi Linda Wati', 'Yogyakarta', '1970-09-05', ''),
(229, 3, '1', 'Joice Jooce Umbas', 'Manado', '1969-01-29', ''),
(230, 3, '1', 'Maria Goreti Waljirah', 'Kulon Progo', '1969-01-01', ''),
(231, 3, '1', 'Antonius Rahutomo Chondrobirowo, Sh', 'Yogyakarta', '1967-04-20', ''),
(232, 3, '1', 'Cicilia Suparti', 'Klaten', '1966-06-01', ''),
(233, 3, '1', 'Kartikawati Rulanti', 'Sleman', '1966-04-29', ''),
(234, 3, '1', 'Sri Hartati', 'Semarang', '1966-04-27', ''),
(235, 3, '1', 'Theresia Neni Dwi Astuti', 'Jakarta', '1965-11-29', ''),
(236, 3, '1', 'Elisabeth Setiyani', 'Sleman', '1965-01-03', ''),
(237, 3, '1', 'Ignatius Budi Haryanto', 'Kebumen', '1963-12-13', ''),
(238, 3, '1', 'Suyanto', 'Magelang', '1963-12-08', ''),
(239, 3, '1', 'Christina Setiyarnani', 'Wonosari', '1963-06-07', ''),
(240, 3, '1', 'Christina Udiatiningsih', 'Sleman', '1962-07-23', ''),
(241, 3, '1', 'Benedictus Suratmo', 'Klaten', '1962-07-07', ''),
(242, 3, '1', 'Florentina Sri Rini Sunardiyati', 'Yogyakarta', '1962-02-09', ''),
(243, 3, '1', 'Aloysius Agus Sugiarto', 'Yogyakarta', '1961-09-05', ''),
(244, 3, '1', 'Marcella Prihardiani', 'Yogyakarta', '1961-01-15', ''),
(245, 3, '1', 'Em. Prawestiningsih', 'Yogyakarta', '1959-11-14', ''),
(246, 3, '1', 'Ignatius Sucipto', 'Semarang', '1959-04-19', ''),
(247, 3, '1', 'Hendy Hartanto', 'Ambarawa', '1958-11-24', ''),
(248, 3, '1', 'Kristina Winarti', 'Yogyakarta', '1958-09-09', ''),
(249, 3, '1', 'Chatarina Sri Supartiningsih', 'Yogyakarta', '1958-05-28', ''),
(250, 3, '1', 'Cesarius Sutoto Agus Waluyo', 'Yogyakarta', '1957-08-12', ''),
(251, 3, '1', 'Agustinus Sumaryoto Hadi Wardoyo', 'Kulonprogo', '1957-06-14', ''),
(252, 3, '1', 'Theresia Jumiyem', 'Kulon Progo', '1956-09-07', ''),
(253, 3, '1', 'Ignatius Yulianto', 'Yogyakarta', '1956-07-30', ''),
(254, 3, '1', 'Dra. Paula Sri Utami', 'Yogyakarta', '1956-06-30', ''),
(255, 3, '1', 'Rosani Herawati', 'Solo', '1954-11-06', ''),
(256, 3, '1', 'Aloysius Djatmiko', 'Kebumen', '0000-00-00', ''),
(257, 3, '1', 'Maria Hosyeana Mangaritis', 'Yogyakarta', '0000-00-00', ''),
(258, 4, '1', 'Mikael Anandy Setyoaji Rahardjo', 'Yogyakarta', '2008-09-17', ''),
(259, 4, '1', 'Nathania Dyanti Prabandari', 'Yogyakarta', '2008-06-17', ''),
(260, 4, '1', 'Dionisius Bimo Kartikojati', 'Yogyakarta', '2007-10-16', ''),
(261, 4, '1', 'Elfrida Adistyana', 'Yogyakarta', '2006-06-15', ''),
(262, 4, '1', 'Filipus Satrio Dewaki Tyasing Suryo', 'Sleman', '2005-11-16', ''),
(263, 4, '1', 'M Galih Wahyu Pamungkas', 'Yogyakarta', '2004-07-13', ''),
(264, 4, '1', 'Kalia Saraswati', 'Jakarta', '2003-07-21', ''),
(265, 4, '1', 'Risti Yerika Putri', 'Yogyakarta', '2003-01-06', ''),
(266, 4, '1', 'Bernadian Pramudito', 'Yogyakarta', '2002-05-20', ''),
(267, 4, '1', 'Stanislaus Novantiko Wicaksono', 'Yogyakarta', '2000-11-24', ''),
(268, 4, '1', 'Dominico Savio Yekhonya Arundhati', 'Sleman', '1999-08-15', ''),
(269, 4, '1', 'Helena Suryani', 'Yogyakarta', '1998-01-12', ''),
(270, 4, '1', 'Aurelia Oktatila Diniwati', 'Yogyakarta', '1997-10-01', ''),
(271, 4, '1', 'Lusia Dwi Murni Cahyaningsih', 'Wonogiri', '1996-08-08', ''),
(272, 4, '1', 'Agnes Lensa Rustita', 'Purworejo', '1994-10-25', ''),
(273, 4, '1', 'Josaphat Dimastiko Nurchayo Triharmojo, S.T.', 'Yogyakarta', '1993-11-14', ''),
(274, 4, '1', 'Margareta Putri Pamungkas', 'Pekalongan', '1993-03-16', ''),
(275, 4, '1', 'Y C Anggit Kurniawan', 'Yogyakarta', '1992-10-23', ''),
(276, 4, '1', 'Heribertus Tri Nugroho', 'Yogyakarta', '1992-08-25', ''),
(277, 4, '1', 'Anastasia Hilda Fajarwati', 'Yogyakarta', '1992-07-17', ''),
(278, 4, '1', 'Irene Kirine Vrita Sansiatri', 'Yogyakarta', '1992-06-18', ''),
(279, 4, '1', 'Aloysius Dewastiko Wahyu Narpopo, S.T', 'Yogyakarta', '1992-06-12', ''),
(280, 4, '1', 'Sr. Ignatio Imaculada Pereira Pinto Cb', 'Poetete, Gueguemara, Ermera, Timor Leste', '1991-06-05', ''),
(281, 4, '1', 'Raditya Bramantya', 'Yogyakarta', '1991-02-04', ''),
(282, 4, '1', 'Vinsensia Pratiwi', 'Yogyakarta', '1990-01-16', ''),
(283, 4, '1', 'Christina Tri Astanti', 'Yogyakarta', '1989-11-14', ''),
(284, 4, '1', 'Sr. Rensilinda Cb', 'Terang, Manggarai Barat, Flores', '1988-10-18', ''),
(285, 4, '1', 'Pc Krisna Jingga P', 'Surakarta', '1988-06-01', ''),
(286, 4, '1', 'Anastasia Hapsari', 'Yogyakarta', '1988-03-11', ''),
(287, 4, '1', 'Istiawan Prayitno', 'Sleman', '1985-06-04', ''),
(288, 4, '1', 'Bernadeta Tri Nurhayati', 'Yogyakarta', '1985-05-13', ''),
(289, 4, '1', 'Sr. Herdian Helena Diah Cb', 'Pancowarno, Lampung Tengah', '1983-10-16', ''),
(290, 4, '1', 'Henri Yuliando', 'Yogyakarta', '1983-07-17', ''),
(291, 4, '1', 'Sr. Laurisa Helena Pujawati Cb', 'Bandung', '1983-01-22', ''),
(292, 4, '1', 'Mariana Setyorini', 'Wonosobo', '1982-05-24', ''),
(293, 4, '1', 'Amalukas Hariwibowo Hereraja', 'Belawan', '1982-02-23', ''),
(294, 4, '1', 'Theresia Natalia Siwi', 'Yogyakarta', '1981-12-24', ''),
(295, 4, '1', 'Yohanes Agung Nugroho', 'Yogyakarta', '1979-04-07', ''),
(296, 4, '1', 'Fx Haryanto Eddy Nugroho', 'Yogyakarta', '1978-05-23', ''),
(297, 4, '1', 'Ari Aprianti', 'Bandung', '1978-04-21', ''),
(298, 4, '1', 'Endang Saptini', 'Yogyakarta', '1976-06-08', ''),
(299, 4, '1', 'Fransiscus Xaverius Wawan Sumantri', 'Sleman', '1975-06-08', ''),
(300, 4, '1', 'Theresia Anugrah Dewi Permana Sari', 'Jakarta', '1972-10-15', ''),
(301, 4, '1', 'Fransiskus Xaverius Eddy Rahardjo', 'Yogyakarta', '1970-10-13', ''),
(302, 4, '1', 'Kliwon Santosa', 'Yogyakarta', '1969-12-03', ''),
(303, 4, '1', 'Haryo Tejo Eddy Prabowo', 'Yogyakarta', '1969-04-30', ''),
(304, 4, '1', 'Lidwina Tri Suwandari', 'Yogyakarta', '1968-12-22', ''),
(305, 4, '1', 'Sr. Lucilla Suparmi Cb', 'Sleman', '1968-08-25', ''),
(306, 4, '1', 'Maria Anna Parjinem', 'Kulonprogo', '1966-06-11', ''),
(307, 4, '1', 'Christiana Oktorianti, Bsc', 'Yogyakarta', '1965-10-18', ''),
(308, 4, '1', 'Metodius Sumino', 'Yogyakarta', '1965-07-07', ''),
(309, 4, '1', 'Andreas Bambang Kwartono', 'Yogyakarta', '1965-05-19', ''),
(310, 4, '1', 'R Ngatinah', 'Kulonprogo', '1964-11-05', ''),
(311, 4, '1', 'Lusia Dwi Wuryani', 'Yogyakarta', '1964-07-12', ''),
(312, 4, '1', 'Maria Goreti Giriretna Sati', 'Kulonprogo', '1963-07-06', ''),
(313, 4, '1', 'Fx Jaka Rahmanto', 'Yogyakarta', '1963-04-11', ''),
(314, 4, '1', 'Agung Endratmoko', 'Sleman', '1962-12-12', ''),
(315, 4, '1', 'Fx Sumadi', 'Temanggung', '1962-11-16', ''),
(316, 4, '1', 'El Jumirah', 'Yogyakarta', '1962-07-15', ''),
(317, 4, '1', 'Agus Budianto', 'Yogyakarta', '1962-07-08', ''),
(318, 4, '1', 'Siti Nuraheni', 'Surakarta', '1962-05-13', ''),
(319, 4, '1', 'K.A. Ari Sulistya T.H.E.H.P, Bsc', 'Sragen', '1962-01-19', ''),
(320, 4, '1', 'Sr. Agustin Theresia Wiratni Da Gomez Cb', 'Jakarta', '1961-11-23', ''),
(321, 4, '1', 'Emerita Wismawati', 'Yogyakarta', '1960-09-22', ''),
(322, 4, '1', 'Kusmiyati', 'Kulonprogo', '1959-08-05', ''),
(323, 4, '1', 'Sr. Angelina Titi Tri Hastuti Sewaya Cb', 'Bantul', '1959-01-27', ''),
(324, 4, '1', 'Bambang Triyanto', 'Gombong', '1958-10-02', ''),
(325, 4, '1', 'Tugiyati', 'Yogyakarta', '1958-03-08', ''),
(326, 4, '1', 'Wenefrida Sukramtini', 'Bantul', '1957-06-07', ''),
(327, 4, '1', 'Yustina Wiwik Mardiati', 'Magelang', '1955-10-30', ''),
(328, 4, '1', 'Sr. Paula Dwi Yanti Sukastiningsih Cb', 'Metro, Lampung Tengah', '1955-04-05', ''),
(329, 4, '1', 'Agustinus Suhadiyono', 'Sleman', '1954-09-23', ''),
(330, 4, '1', 'Yosef Hanung Alfiyanto', 'Yogyakarta', '0000-00-00', ''),
(331, 4, '1', 'Irin Rumiyati', 'Temanggung', '0000-00-00', ''),
(332, 4, '1', 'Galatia Angela Aiko Aprilia', 'Yogyakarta', '0000-00-00', ''),
(333, 4, '1', 'Redemptus Surono', 'Yogyakarta', '0000-00-00', ''),
(334, 5, '1', 'Nosi Kristanto', 'Yogyakarta', '2009-02-24', ''),
(335, 5, '1', 'Richard Giovani', 'Yogyakarta', '2009-01-05', ''),
(336, 5, '1', 'Denis Prakosa', 'Yogyakarta', '2008-12-28', ''),
(337, 5, '1', 'Vallent Miko Santoso', 'Yogyakarta', '2008-07-15', ''),
(338, 5, '1', 'Aluna Pascha', 'Yogyakarta', '2008-03-28', ''),
(339, 5, '1', 'Richard Giovanni', 'Yogyakarta', '2008-01-05', ''),
(340, 5, '1', 'Ch. Putri Dwi Astuti', 'Yogyakarta', '2007-12-28', ''),
(341, 5, '1', 'Putri Dwi Astuti', 'Yogyakarta', '2007-12-27', ''),
(342, 5, '1', 'Keisha Nathania Jasmine', 'Yogyakarta', '2007-12-06', ''),
(343, 5, '1', 'Hesa Narawangsa', 'Yogyakarta', '2006-03-30', ''),
(344, 5, '1', 'Caivin Ardian Permana', 'Yogyakarta', '2005-11-09', ''),
(345, 5, '1', 'Ayu Anjanique Miko Santoso', 'Yogyakarta', '2004-05-29', ''),
(346, 5, '1', 'Eugeni Angeliquemetta Juvantry', 'Yogyakarta', '2004-03-31', ''),
(347, 5, '1', 'Mahendra Saputra', 'Yogyakarta', '2004-03-14', ''),
(348, 5, '1', 'Rivan Hertansya Atmaja', 'Yogyakarta', '2003-06-26', ''),
(349, 5, '1', 'Herningtyas Ayu Putri Cahyanti', 'Yogyakarta', '2003-06-21', ''),
(350, 5, '1', 'Hisnu Prasetyojati', 'Yogyakarta', '2002-12-16', ''),
(351, 5, '1', 'Yulisa Tiyastuti', 'Klaten', '2001-07-01', ''),
(352, 5, '1', 'Arda Marantika', 'Sleman', '2001-04-13', ''),
(353, 5, '1', 'Hernico Krisnandi Utama', 'Yogyakarta', '2000-04-13', ''),
(354, 5, '1', 'Mahadewi Anisa Surya', 'Yogyakarta', '2000-01-18', ''),
(355, 5, '1', 'Toni Eko Suwartano', 'Yogyakarta', '1998-11-02', ''),
(356, 5, '1', 'Bunga Kayana Sukma Agatha', 'Yogyakarta', '1998-07-05', ''),
(357, 5, '1', 'Farida Tri Krisnawati', 'Yogyakarta', '1998-01-07', ''),
(358, 5, '1', 'Gentur Septo Aji', 'Yogyakarta', '1997-09-15', ''),
(359, 5, '1', 'Dewi Hapsari Putri', 'Jakarta', '1996-09-13', ''),
(360, 5, '1', 'Febrian Dwi Anggoro', 'Yogyakarta', '1995-02-18', ''),
(361, 5, '1', 'Erna Yuliana', 'Yogyakarta', '1994-07-26', ''),
(362, 5, '1', 'Oky Veranata', 'Yogyakarta', '1992-10-22', ''),
(363, 5, '1', 'Rouli Lidia Tamba', 'Jayapura', '1992-09-26', ''),
(364, 5, '1', 'Siska Septiana', 'Yogyakarta', '1991-06-23', ''),
(365, 5, '1', 'Prima Veriyanto', 'Yogyakarta', '1991-05-12', ''),
(366, 5, '1', 'Palma Siwi Hartayu', 'Yogyakarta', '1991-03-23', ''),
(367, 5, '1', 'Wigianto Eka Putra', 'Jakarta', '1990-07-05', ''),
(368, 5, '1', 'Toni Eko Suwartono', 'Yogyakarta', '1989-11-02', ''),
(369, 5, '1', 'Beni Prasetyo', 'Bantul', '1989-10-26', ''),
(370, 5, '1', 'Hari Prasetyo', 'Yogyakarta', '1989-01-16', ''),
(371, 5, '1', 'Kuswhantara', 'Bantul', '1988-04-29', ''),
(372, 5, '1', 'Kurniadi', 'Yogyakarta', '1988-04-11', ''),
(373, 5, '1', 'Heri Purnama', 'Sleman', '1988-03-27', ''),
(374, 5, '1', 'Gangga Setyawati', 'Yogyakarta', '1987-10-24', ''),
(375, 5, '1', 'Dian Septyani', 'Yogyakarta', '1987-09-15', ''),
(376, 5, '1', 'Asti Wardani', 'Yogyakarta', '1987-03-30', ''),
(377, 5, '1', 'Devita Sari', 'Yogyakarta', '1985-06-28', ''),
(378, 5, '1', 'Leonardo Schrijver', 'Bandung', '1985-05-28', ''),
(379, 5, '1', 'Yeni Wulandari', 'Bantul', '1984-08-21', ''),
(380, 5, '1', 'Erna Yuliana', 'Yogyakarta', '1984-07-26', ''),
(381, 5, '1', 'Niken Dwi Astuti', 'Yogyakarta', '1982-10-24', ''),
(382, 5, '1', 'Rulinawati', 'Yogyakarta', '1982-06-08', ''),
(383, 5, '1', 'Ega Lesta', 'Yogyakarta', '1982-06-08', ''),
(384, 5, '1', 'Joni Santoso', 'Yogyakarta', '1982-01-17', ''),
(385, 5, '1', 'Erwan Yulianto', 'Yogyakarta', '1981-07-09', ''),
(386, 5, '1', 'Evi Mariani', 'Yogyakarta', '1981-03-21', ''),
(387, 5, '1', 'Januar Ricky Iskandar', 'Manado', '1981-01-29', ''),
(388, 5, '1', 'Avatar Prasya Bernadictus', 'Yogyakarta', '1981-01-25', ''),
(389, 5, '1', 'Niken Emaliana', 'Yoyakarta', '1980-12-29', ''),
(390, 5, '1', 'Micko Sukarno Nugroho', 'Yogyakarta', '1980-10-29', ''),
(391, 5, '1', 'Joko Soyo', 'Yogyakarta', '1980-10-23', ''),
(392, 5, '1', 'Teguh Ujianto', 'Yogyakarta', '1980-09-24', ''),
(393, 5, '1', 'Ary Santoso', 'Yogyakarta', '1980-01-01', ''),
(394, 5, '1', 'Tri Susilo Rahayu', 'Yogyakarta', '1979-10-01', ''),
(395, 5, '1', 'Jacky Putra Kadarisma', 'Yogyakarta', '1979-01-26', ''),
(396, 5, '1', 'Maya Herawati', 'Yogyakarta', '1977-11-19', ''),
(397, 5, '1', 'Herni Utami', 'Yogyakarta', '1977-07-27', ''),
(398, 5, '1', 'Weni Kristiningsih', 'Yogyakarta', '1977-05-17', ''),
(399, 5, '1', 'Yesi Amiati', 'Yogyakarta', '1977-01-20', ''),
(400, 5, '1', 'Danang Anggoro Setyawan', 'Yogyakarta', '1976-10-12', ''),
(401, 5, '1', 'Puji Lestari', 'Yogyakarta', '1975-08-15', ''),
(402, 5, '1', 'Buariah', 'Rembang', '1975-02-09', ''),
(403, 5, '1', 'Thoni', 'Kupang', '1974-03-02', ''),
(404, 5, '1', 'Wiwid Widayanti', 'Yogykarta', '1974-02-20', ''),
(405, 5, '1', 'Dwi Cahyana', 'Gunung Kidul', '1973-10-19', ''),
(406, 5, '1', 'Siti Fatimah', 'Yogyakarta', '1973-10-11', ''),
(407, 5, '1', 'Subekti Susilowati', 'Yogyakarta', '1972-02-14', ''),
(408, 5, '1', 'Agus Sugiantoro', 'Yogyakarta', '1972-01-07', ''),
(409, 5, '1', 'Retno Pratiwi', 'Yogyakarta', '1971-12-19', ''),
(410, 5, '1', 'Vidi Astuti Trisnawati', 'Yogyakarta', '1971-09-04', ''),
(411, 5, '1', 'Rini Pratiwi', 'Yogyakarta', '1970-08-01', ''),
(412, 5, '1', 'Tanti Haryanti Widayat', 'Yogyakarta', '1970-02-10', ''),
(413, 5, '1', 'Reni Sugiyanti', 'Yogyakarta', '1969-09-19', ''),
(414, 5, '1', 'Triyatno', 'Yogyakarta', '1968-08-04', ''),
(415, 5, '1', 'Suraningsih', 'Yogyakarta', '1968-05-04', ''),
(416, 5, '1', 'Mudjiatun', 'Yogyakarta', '1967-02-09', ''),
(417, 5, '1', 'Muryuliyanti`', 'Yogyakarta', '1966-07-19', ''),
(418, 5, '1', 'Legiman', 'Yogyakarta', '1966-02-03', ''),
(419, 5, '1', 'Wuri Hadayani Widayat', 'Yogyakarta', '1965-06-18', ''),
(420, 5, '1', 'Listyowati', 'Yogyakarta', '1965-02-06', ''),
(421, 5, '1', 'Winarini', 'Yogyakarta', '1965-02-01', ''),
(422, 5, '1', 'Purwi Dwi Yanti', 'Yogyakarta', '1963-12-30', ''),
(423, 5, '1', 'Supriyati', 'Yogykarta', '1963-08-08', ''),
(424, 5, '1', 'Niniek Lila Hutami', 'Temanggung', '1962-10-11', ''),
(425, 5, '1', 'Anis Martini', 'Yogyakarta', '1962-03-21', ''),
(426, 5, '1', 'Suliyanti', 'Yogyakarta', '1962-03-12', ''),
(427, 5, '1', 'Endang Margiyani Widayat', 'Yogyakarta', '1962-02-02', ''),
(428, 5, '1', 'Sri Wahyuni Andayani', 'Yogyakarta', '1962-01-31', ''),
(429, 5, '1', 'Supriyani', 'Yogyakarta', '1961-12-31', ''),
(430, 5, '1', 'Endang Dwi Suwartana', 'Yogyakarta', '1961-11-24', ''),
(431, 5, '1', 'Purwanti', 'Yogyakarta', '1961-09-27', ''),
(432, 5, '1', 'Rina Susi Watiningsih', 'Yogyakarta', '1961-09-10', ''),
(433, 5, '1', 'Indriati', 'Yogyakarta', '1960-04-21', ''),
(434, 5, '1', 'Suharto', 'Klaten', '1960-04-06', ''),
(435, 5, '1', 'Winarsih', 'Yogyakarta', '1960-02-27', ''),
(436, 5, '1', 'Winarti', 'Yogyakarta', '1959-09-27', ''),
(437, 5, '1', 'Murcipto', 'Yogyakarta', '1959-06-20', ''),
(438, 5, '1', 'Sumarkoco', 'Yogyakarta', '1959-04-21', ''),
(439, 5, '1', 'Budi Santoso', 'Yogyakarta', '1959-03-12', ''),
(440, 5, '1', 'Moerdjiyono', 'Yogyakarta', '1959-01-01', ''),
(441, 5, '1', 'Darmini', 'Yogyakarta', '1958-12-31', ''),
(442, 5, '1', 'Triwastuti Indiyani', 'Yogyakarta', '1958-12-10', ''),
(443, 5, '1', 'Suratmi', 'Yogyakarta', '1958-08-08', ''),
(444, 5, '1', 'Satinem', 'Yogyakarta', '1958-01-15', ''),
(445, 5, '1', 'Suparman', 'Yogyakarta', '1956-11-04', ''),
(446, 5, '1', 'Sardjiyem', 'Yogyakarta', '1955-08-28', ''),
(447, 5, '1', 'Sumarni', 'Yogyakarta', '1955-04-16', ''),
(448, 5, '1', 'Prihati Wiyani', 'Yogyakarta', '1955-03-09', ''),
(449, 5, '1', 'Ruwanto', 'Yogyakarta', '0000-00-00', ''),
(450, 5, '1', 'Koesmanto', 'Unknown', '0000-00-00', ''),
(451, 5, '1', 'Ganaga Setyawati', 'Yogyakarta', '0000-00-00', ''),
(452, 5, '1', 'Markisah Siswo Pertomo', 'Yogyakarta', '0000-00-00', ''),
(453, 5, '1', 'Ewi Iridawati', 'Yogyakarta', '0000-00-00', ''),
(454, 6, '1', 'Cantika Meisya Putri Renata', 'Yogyakarta', '2010-05-25', ''),
(455, 6, '1', 'Albertus Kevin Christian Agung', 'Yogyakarta', '2008-12-26', ''),
(456, 6, '1', 'Yosea Praditya', 'Yogyakarta', '2008-04-16', ''),
(457, 6, '1', 'Timotius Dafri Kurnianto', 'Semarang', '2006-09-24', ''),
(458, 6, '1', 'Natasya Andra Pratiwi', 'Yogyakarta', '2006-09-05', ''),
(459, 6, '1', 'Gabriel Oscar Anugerah Puruhita', 'Salatiga', '2005-11-30', ''),
(460, 6, '1', 'Andreas Frimando Tambunan', 'Kapuas', '2005-04-06', ''),
(461, 6, '1', 'Chris Fabian Purnomo Solo', 'Yogyakarta', '2004-12-06', ''),
(462, 6, '1', 'Yakobus Dimas Juan Widiyastama', 'Yogyakarta', '2004-05-07', ''),
(463, 6, '1', 'Victoria Purnomo Solo', 'Yogyakarta', '2003-07-31', ''),
(464, 6, '1', 'Yovita Hasiholan Tambunan', 'Yogyakarta', '2001-09-01', ''),
(465, 6, '1', 'Paskalis Afrianto Fernando', 'Sukoharjo', '2001-04-22', ''),
(466, 6, '1', 'Hermina Dewi Indriani', 'Yogyakarta', '2000-05-17', ''),
(467, 6, '1', 'Bagas Eri Widodo', 'Yogyakarta', '2000-05-13', ''),
(468, 6, '1', 'Michael Advent Galih Saputro', 'Sukoharjo', '1999-12-12', ''),
(469, 6, '1', 'Andreas Novan Pangestu Aji', 'Yogyakarta', '1999-11-20', ''),
(470, 6, '1', 'Norbertus Andre Darmawan', 'Sleman', '1999-06-20', ''),
(471, 6, '1', 'Aprilla Valma Yusningtyas', 'Yogyakarta', '1999-04-17', ''),
(472, 6, '1', 'Cornelius Bregas Aji Kumoro', 'Yogyakarta', '1998-09-02', ''),
(473, 6, '1', 'Silverius Anugrah Resta Mahesa', 'Yogyakarta', '1998-06-13', ''),
(474, 6, '1', 'Awanda Doda Listyaning', 'Yogyakarta', '1997-09-16', ''),
(475, 6, '1', 'Yohanes Wisnu Pradipta Putra', 'Yogyakarta', '1997-03-22', ''),
(476, 6, '1', 'Silvester Kristyan Ari Putra', 'Yogyakarta', '1996-12-30', ''),
(477, 6, '1', 'Yohanes Arnold Aji Pamungkas', 'Yogyakarta', '1996-10-10', ''),
(478, 6, '1', 'Marcelinus Sakson Bagaskara', 'Yogyakarta', '1996-06-18', ''),
(479, 6, '1', 'Albert Ottokent Tanubrata', 'Yogyakarta', '1996-04-20', ''),
(480, 6, '1', 'Nikolaus Erik Darmawan', 'Sleman', '1995-12-05', ''),
(481, 6, '1', 'Yustinus Brian Ardi Pradana', 'Yogyakarta', '1995-06-05', ''),
(482, 6, '1', 'Letel Teny Morwarin', 'Ambon', '1995-04-25', ''),
(483, 6, '1', 'Stephanie Dea Tanubrata', 'Yogyakarta', '1994-11-17', ''),
(484, 6, '1', 'Alleda Krestha', 'Yogyakarta', '1994-05-05', ''),
(485, 6, '1', 'G. Tri Hadianto', 'Yogyakarta', '1994-04-22', ''),
(486, 6, '1', 'Rio Vicky Irvanto', 'Purbalingga', '1994-03-21', ''),
(487, 6, '1', 'Maria Tania Cristi', 'Yogyakarta', '1992-02-18', ''),
(488, 6, '1', 'Lusia Wulan Natalia Indriani', 'Yogyakarta', '1991-12-28', ''),
(489, 6, '1', 'Elisabet Widya Rahma', 'Temanggung', '1991-09-17', ''),
(490, 6, '1', 'Roni Kiawan Surya', 'Yogyakarta', '1990-09-04', ''),
(491, 6, '1', 'Advento Nurcahya', 'Yogyakarta', '1989-12-18', ''),
(492, 6, '1', 'Bernardin Buno', 'Yogyakarta', '1989-05-28', ''),
(493, 6, '1', 'Fortunata Oktavia Mayasari', 'Yogyakarta', '1988-10-14', ''),
(494, 6, '1', 'Desy Madona Morwarin', 'Ambon', '1987-10-06', ''),
(495, 6, '1', 'Hera Mega Erawan', 'Yogyakarta', '1987-06-30', ''),
(496, 6, '1', 'Ristu Mesgi Wijanarko', 'Yogyakarta', '1987-04-08', ''),
(497, 6, '1', 'Ch. Agil Wulandari', 'Yogyakarta', '1986-07-09', ''),
(498, 6, '1', 'Vincentia Fave Angelia', 'Yogyakarta', '1986-04-22', ''),
(499, 6, '1', 'Yustina Murdianti', 'Yogyakarta', '1985-01-16', ''),
(500, 6, '1', 'Yanuarius Yala Artdi Puruhita', 'Palangkaraya', '1984-09-18', ''),
(501, 6, '1', 'Harlina', 'Sumberjaya', '1983-12-08', ''),
(502, 6, '1', 'Wahyu Andrianto', 'Gunung Kidul', '1983-07-07', ''),
(503, 6, '1', 'Basuki', 'Bogor', '1983-06-15', ''),
(504, 6, '1', 'Sigit Ginawan Putra', 'Jakarta Selatan', '1983-02-28', ''),
(505, 6, '1', 'Dwi Utomo', 'Yogyakarta', '1982-12-05', ''),
(506, 6, '1', 'Alfonsus Cecep Haryanto', 'Yogyakarta', '1981-06-02', ''),
(507, 6, '1', 'Nugroho Haryanto', 'Yogyakarta', '1981-01-05', ''),
(508, 6, '1', 'Kartika Arum Rinukti', 'Yogyakarta', '1980-04-04', ''),
(509, 6, '1', 'Antonius Sudarmono', 'Yogyakarta', '1979-06-06', ''),
(510, 6, '1', 'Rinto Cipto Wintolo', 'Yogyakarta', '1978-12-27', ''),
(511, 6, '1', 'Anastasia T. Setyaningsih', 'Yogyakarta', '1977-01-18', ''),
(512, 6, '1', 'Sri Pratiwi Dewi', 'Yogyakarta', '1973-03-08', ''),
(513, 6, '1', 'Yustianus Yoyok Haryanto', 'Yogyakarta', '1972-12-31', ''),
(514, 6, '1', 'Thomas Eko Kristanto', 'Bantul', '1972-12-19', ''),
(515, 6, '1', 'Ricky Umbul Pratomo', 'Yogyakarta', '1972-12-11', ''),
(516, 6, '1', 'Hilda Samuel, S.Si', 'Padang', '1970-03-15', ''),
(517, 6, '1', 'Damiana Kristyani', 'Purworejo', '1969-12-24', ''),
(518, 6, '1', 'Tri Agustiningsih', 'Yogyakarta', '1969-08-28', ''),
(519, 6, '1', 'Sesilia Rusli', 'Malang', '1968-11-30', ''),
(520, 6, '1', 'Emanuela Murdiyaningsih', 'Kulon Progo', '1968-06-11', ''),
(521, 6, '1', 'Yohana Novi Anggorowati', 'Yogyakarta', '1967-11-14', ''),
(522, 6, '1', 'Maria Goreti Triwarningsih', 'Yogyakarta', '1967-10-08', ''),
(523, 6, '1', 'Agustinus Djoko Purnomo', 'Yogyakarta', '1967-05-28', ''),
(524, 6, '1', 'Yohanes Fris Lupiyanto', 'Yogyakarta', '1967-05-17', ''),
(525, 6, '1', 'Christina Margaretha Ari Surahmiyati', 'Yogyakarta', '1967-04-22', ''),
(526, 6, '1', 'L. Daru Andani', 'Yogyakarta', '1966-12-09', ''),
(527, 6, '1', 'Yf. Siti Sulistianingsih', 'Yogyakarta', '1966-03-03', ''),
(528, 6, '1', 'Darminah', 'Yogyakarta', '1966-01-06', ''),
(529, 6, '1', 'Tri Darmawan', 'Yogyakarta', '1965-10-26', ''),
(530, 6, '1', 'Heru Tri Raharjo', 'Yogyakarta', '1965-10-10', ''),
(531, 6, '1', 'Ignatius Armunanto', 'Yogyakarta', '1965-04-14', ''),
(532, 6, '1', 'Robinguswanti', 'Yogyakarta', '1962-12-21', ''),
(533, 6, '1', 'Th Sri Budiyati', 'Yogyakarta', '1962-09-30', ''),
(534, 6, '1', 'V. Vensia Murniati', 'Unknown', '1962-04-05', ''),
(535, 6, '1', 'Franciscus Xaverius Agus Karyadi', 'Jakarta', '1961-08-31', ''),
(536, 6, '1', 'Maria Gorreti Saptini', 'Yogyakarta', '1961-07-23', ''),
(537, 6, '1', 'Antonius Sugina', 'Gunung Kidul', '1961-06-14', ''),
(538, 6, '1', 'Veronica Yumarni', 'Yogyakarta', '1960-08-28', ''),
(539, 6, '1', 'Yohanes Suparno', 'Yogyakarta', '1960-08-27', ''),
(540, 6, '1', 'Elysabeth Darsinah', 'Jakarta', '1960-03-11', ''),
(541, 6, '1', 'Sri Sularsih', 'Wonosari', '1959-11-10', ''),
(542, 6, '1', 'Kandida Morwarin', 'Maluku Tengah', '1959-04-21', ''),
(543, 6, '1', 'Veronika Sumini', 'Yogyakarta', '1958-10-27', ''),
(544, 6, '1', 'Supartini', 'Yogyakarta', '1958-01-21', ''),
(545, 6, '1', 'Th Muhani', 'Yogyakarta', '1957-08-08', ''),
(546, 6, '1', 'Theodorus Morwarin', 'Ambon', '1957-07-16', ''),
(547, 6, '1', 'Mathius Subaryanto', 'Yogyakarta', '1957-05-06', ''),
(548, 6, '1', 'Ignatius Suyono', 'Wates', '1956-09-06', ''),
(549, 6, '1', 'Suratmi', 'Yogyakarta', '1956-08-26', ''),
(550, 6, '1', 'Wiratmo Sukito', 'Yogyakarta', '1956-04-06', ''),
(551, 6, '1', 'Sugiyati', 'Yogyakarta', '1955-12-05', ''),
(552, 6, '1', 'Lucia Sukemi', 'Kulon Progo', '1955-12-01', ''),
(553, 6, '1', 'Sumarni Darmo Sumarto', 'Klaten', '1955-10-29', ''),
(554, 6, '1', 'Sulistiyani Ekawati', 'Yogyakarta', '0000-00-00', ''),
(555, 6, '1', 'Antonius Danan Apriyanto', 'Unknown', '0000-00-00', ''),
(556, 7, '1', 'Emmanuel Louis Sakti Sanjaya', 'Yogyakarta', '2009-11-22', ''),
(557, 7, '1', 'Caecilia Anne Pintaku Lovita', 'Yogyakarta', '2009-11-19', ''),
(558, 7, '1', 'Teresa Azarel Gayatri Lamiang Toemon', 'Yogyakarta', '2009-04-17', ''),
(559, 7, '1', 'Maximus Filius Tan', 'Yogyakarta', '2008-11-08', ''),
(560, 7, '1', 'Godeliva Ursula Ratnadiputri', 'Yogyakarta', '2008-06-12', ''),
(561, 7, '1', 'Yosephine Devina Putri Ferdian', 'Yogyakarta', '2008-04-19', ''),
(562, 7, '1', 'Clara Leona Candy Agustine', 'Yogyakarta', '2007-08-10', ''),
(563, 7, '1', 'S. Karunia Widhi Herlambang', 'Yogyakarta', '2007-08-03', ''),
(564, 7, '1', 'Kidung Larasati Pinayung', 'Yogyakarta', '2007-02-03', ''),
(565, 7, '1', 'Nicolaus Yordan Susanto', 'Tangerang', '2006-11-21', ''),
(566, 7, '1', 'Syalom Pandu Pinayung', 'Yogyakarta', '2005-01-17', ''),
(567, 7, '1', 'Teresa Fibia Tan', 'Yogyakarta', '2004-07-23', ''),
(568, 7, '1', 'Agneta Ratnadipurti', 'Yogyakarta', '2004-03-26', ''),
(569, 7, '1', 'Marcelino Yurico Very Triaswardana', 'Yogyakarta', '2004-03-02', ''),
(570, 7, '1', 'Putri Sekar Nugraheni', 'Sleman', '2004-02-13', ''),
(571, 7, '1', 'Skolastika Amadea Tan', 'Yogyakarta', '2002-07-27', ''),
(572, 7, '1', 'Gregorius Yunico Damar Adi W', 'Yogyakarta', '2000-06-10', ''),
(573, 7, '1', 'Benediktus Virtus Tan', 'Yogyakarta', '1999-12-29', ''),
(574, 7, '1', 'C. Kartika Niken Kalpitasari', 'Yogyakarta', '1999-01-27', ''),
(575, 7, '1', 'Nadya Violenta', 'Surakarta', '1999-01-02', ''),
(576, 7, '1', 'Fransiskus Agusta Dwikrisnanda', 'Yogyakarta', '1998-08-30', ''),
(577, 7, '1', 'Erika Ine Damayanti', 'Yogyakarta', '1998-03-15', ''),
(578, 7, '1', 'Yssa Kumala Sinta', 'Sleman', '1996-05-06', ''),
(579, 7, '1', 'Petrus Nolaskus Ikwan Wuryana', 'Yogyakarta', '1996-01-28', ''),
(580, 7, '1', 'Windy Andrayani', 'Surakarta', '1996-01-21', ''),
(581, 7, '1', 'Albertus Ternada Christian', 'Yogyakarta', '1995-12-02', ''),
(582, 7, '1', 'Laurentius Dedi Christianto', 'Yogyakarta', '1995-03-11', ''),
(583, 7, '1', 'Andreas Damarjati', 'Yogyakarta', '1994-11-28', ''),
(584, 7, '1', 'Remigius Ikhsan Pangestu', 'Yogyakarta', '1994-10-01', ''),
(585, 7, '1', 'Karina Andhanary, S.M.', 'Surakarta', '1994-06-02', ''),
(586, 7, '1', 'Arnoldus Janssen Hendrawijaya', 'Yogyakarta', '1994-01-11', ''),
(587, 7, '1', 'Antonius Bagus Wijanarko', 'Yogyakarta', '1992-11-28', ''),
(588, 7, '1', 'Francisca Amalia Inkaristi, S.I.Kom', 'Yogyakarta', '1992-05-02', ''),
(589, 7, '1', 'L. Windiono', 'Yogyakarta', '1991-10-05', ''),
(590, 7, '1', 'Andreas Ricky Proklamanto', 'Yogyakarta', '1990-08-18', ''),
(591, 7, '1', 'Nindita Agung Widyautomo', 'Palembang', '1990-07-03', ''),
(592, 7, '1', 'F. Wahyu Windiati', 'Yogyakarta', '1989-12-21', ''),
(593, 7, '1', 'Yulius Setiawan, Se', 'Surakarta', '1989-07-26', ''),
(594, 7, '1', 'Yosi Luky Lestari', 'Yogyakarta', '1989-01-01', ''),
(595, 7, '1', 'Henny Irmina', 'Pontianak', '1987-12-09', ''),
(596, 7, '1', 'Agnes Desi Esterina', 'Yogyakarta', '1986-12-30', ''),
(597, 7, '1', 'Slamet Dian Pramono', 'Yogyakarta', '1986-10-07', ''),
(598, 7, '1', 'Anggi Sanjaya Noviyanto', 'Yogyakarta', '1985-11-19', ''),
(599, 7, '1', 'Maria Kurniawati', 'Klaten', '1985-09-20', ''),
(600, 7, '1', 'Kartika Andriani', 'Jakarta', '1985-02-23', ''),
(601, 7, '1', 'Ari Andri Wibowo, Se', 'Gunung Kidul', '1984-04-22', ''),
(602, 7, '1', 'Yohanes Yudhi Kristanto', 'Sleman', '1984-04-15', ''),
(603, 7, '1', 'Kunto Adhi Prasetyo', 'Purbalingga', '1984-03-02', ''),
(604, 7, '1', 'Anik Handayani', 'Salatiga', '1984-02-28', ''),
(605, 7, '1', 'Vinsensia Siwi Sridinarti', 'Gunung Kidul', '1981-04-04', ''),
(606, 7, '1', 'Antonius Rio Dwi Putranto', 'Yogyakarta', '1980-05-13', ''),
(607, 7, '1', 'Angelia Merici Adus Dwiaryanti', 'Yogyakarta', '1979-08-07', ''),
(608, 7, '1', 'Heribertus Binawan', 'Magelang', '1978-11-25', ''),
(609, 7, '1', 'Dian Puspitasari, S.H.', 'Yogyakarta', '1978-01-25', ''),
(610, 7, '1', 'Yohanes Didik Dwihantoro', 'Klaten', '1978-01-22', ''),
(611, 7, '1', 'Fx. Tri Endaryanto', 'Yogyakarta', '1977-12-08', ''),
(612, 7, '1', 'Bernadus Wiratmoyo', 'Yogyakarta', '1977-04-22', ''),
(613, 7, '1', 'Imelda Lucky Artha', 'Palangkaraya', '1977-03-31', ''),
(614, 7, '1', 'B. Ferry Agung Budiantoro', 'Yogyakarta', '1977-03-23', ''),
(615, 7, '1', 'Johannes Dahiang Heru Utama', 'Jakarta', '1976-12-11', ''),
(616, 7, '1', 'Christina Tri Harjanti', 'Sleman', '1976-07-01', ''),
(617, 7, '1', 'Rina Kuntoro', 'Sleman', '1976-03-20', ''),
(618, 7, '1', 'Petrus Bisatio Purnomo S.Sos', 'Gunung Kidul', '1974-08-04', ''),
(619, 7, '1', 'Ratnawati', 'Purworejo', '1973-07-13', ''),
(620, 7, '1', 'Margaretta Sri Rejeki Murniati', 'Yogyakarta', '1973-04-02', ''),
(621, 7, '1', 'Maria Theresia Astanti', 'Kulonprogo', '1973-02-01', ''),
(622, 7, '1', 'Endang Susilowati', 'Yogyakarta', '1972-12-10', ''),
(623, 7, '1', 'Suwoto', 'Blitar', '1972-07-10', ''),
(624, 7, '1', 'Adi Krisbiyantoro', 'Magelang', '1972-03-31', ''),
(625, 7, '1', 'Heribertha Sri Wahyuningsih', 'Merauke', '1972-03-16', ''),
(626, 7, '1', 'Purwanintyas Rimukti', 'Yogyakarta', '1972-02-10', ''),
(627, 7, '1', 'Fransiskus Xaverius Yuliawan', 'Yogyakarta', '1971-07-04', ''),
(628, 7, '1', 'Maria Wuryani', 'Kulonprogo', '1971-06-02', ''),
(629, 7, '1', 'Endang Sri Widati', 'Klaten', '1969-04-14', ''),
(630, 7, '1', 'Yohanes Tri Maryanto', 'Yogyakarta', '1968-05-25', ''),
(631, 7, '1', 'Thomas Darmawan Indro Winarto', 'Blitar', '1967-06-25', ''),
(632, 7, '1', 'Jacoba Nugrahaningtyas Wahjuningutami', 'Yogyakarta', '1967-05-25', ''),
(633, 7, '1', 'Herry Santoso, Se', 'Yogyakarta', '1966-02-23', ''),
(634, 7, '1', 'Basuki Subagyo', 'Yogyakarta', '1965-10-10', ''),
(635, 7, '1', 'Francisca Rusriyani', 'Yogyakarta', '1965-03-26', ''),
(636, 7, '1', 'Antonius Sujianto', 'Yogyakarta', '1964-01-16', ''),
(637, 7, '1', 'Ely Sri Kristinaningsih', 'Yogyakarta', '1963-08-25', ''),
(638, 7, '1', 'Sri Lestari', 'Yogyakarta', '1963-08-04', ''),
(639, 7, '1', 'Anastasia Supatyati', 'Yogyakarta', '1963-04-27', ''),
(640, 7, '1', 'Ir. Anastasia Dini Dinasti', 'Surakarta', '1963-03-16', ''),
(641, 7, '1', 'Tan Bing Liat', 'Yogyakarta', '1962-09-12', ''),
(642, 7, '1', 'Eleonora Suhartini', 'Yogyakarta', '1960-02-18', ''),
(643, 7, '1', 'V, Sri Samiyaningsih', 'Yogyakarta', '1958-10-21', ''),
(644, 7, '1', 'Yustina Dwiningsih Narwani', 'Solo', '1958-09-20', ''),
(645, 7, '1', 'Anthonius Soesilastanto', 'Sleman', '1958-07-04', ''),
(646, 7, '1', 'C. Indriyati Sulistyorini, S.H.Cn.', 'Yogyakarta', '1958-03-31', ''),
(647, 7, '1', 'Ir. M. Eka Suhartanto, M.Si', 'Mataram', '1958-03-11', ''),
(648, 7, '1', 'Sri Suwarni', 'Yogyakarta', '1957-10-19', ''),
(649, 7, '1', 'Helena Supartini', 'Wonogiri', '1957-02-03', ''),
(650, 7, '1', 'L. Walinah', 'Yogyakarta', '1956-05-21', ''),
(651, 8, '1', 'Esther Manuarti Daruatmaji', 'Yogyakarta', '2010-02-14', ''),
(652, 8, '1', 'Revanka Putra Widywibowo', 'Yogyakarta', '2009-10-17', ''),
(653, 8, '1', 'Mathilda Ife Daruatmaji', 'Yogyakarta', '2007-08-20', ''),
(654, 8, '1', 'Ignatio Kristo De Rosari', 'Yogyakarta', '2005-05-11', ''),
(655, 8, '1', 'Gabriella Nadya Paramita M', 'Yogyakarta', '2005-03-25', ''),
(656, 8, '1', 'Jordan Daniswara Hidayat', 'Yogyakarta', '2005-01-26', ''),
(657, 8, '1', 'Rafael Ananda Aldy Mahendra', 'Yogyakarta', '2004-03-30', ''),
(658, 8, '1', 'Alfonsus Dipa Wicaksana', 'Yogyakarta', '2004-01-06', ''),
(659, 8, '1', 'Indahsari Larasati', 'Yogyakarta', '2001-04-28', ''),
(660, 8, '1', 'Oktavianus Dimas Widayanto P', 'Yogyakarta', '2000-10-05', ''),
(661, 8, '1', 'Oktaviana Ajeng Widayanti P', 'Yogyakarta', '2000-10-05', ''),
(662, 8, '1', 'Yacinta Christi Hapsari', 'Yogyakarta', '1999-10-01', ''),
(663, 8, '1', 'Theresia Cynthia Kusuma Ayu Ridhitya', 'Surakarta', '1999-01-08', ''),
(664, 8, '1', 'Agnes Novita Mega Putri Santoso', 'Yogyakarta', '1998-11-01', ''),
(665, 8, '1', 'Paskalis Farlen Anggara', 'Yogyakarta', '1996-06-08', ''),
(666, 8, '1', 'Martha Risa Ardyanti', 'Yogyakarta', '1996-04-21', ''),
(667, 8, '1', 'Fx Yoga Perdana Wahyu Ridhitya', 'Surakarta', '1996-02-28', ''),
(668, 8, '1', 'Scholastica Oktavia Putri Kirany', 'Yogyakarta', '1994-10-23', ''),
(669, 8, '1', 'Ignatia Anisa Budi Juliani', 'Yogyakarta', '1994-07-31', ''),
(670, 8, '1', 'Emmanuel Kristiayrton', 'Surabaya', '1993-12-25', ''),
(671, 8, '1', 'Yohanes Bagas Dewatmoko', 'Yogyakarta', '1992-09-10', ''),
(672, 8, '1', 'Mega Silviana', 'Yogyakarta', '1992-05-27', ''),
(673, 8, '1', 'Tony Widiyatmoko', 'Yogyakarta', '1992-04-26', ''),
(674, 8, '1', 'Petrus Slamet Pratomo', 'Bukit Tinggi', '1992-01-10', ''),
(675, 8, '1', 'Maria Ersa Noviyanti', 'Yogyakarta', '1990-11-18', ''),
(676, 8, '1', 'Richardus Dody Risanto', 'Yogyakarta', '1990-06-19', ''),
(677, 8, '1', 'Fajriyah', 'Semarang', '1990-02-05', ''),
(678, 8, '1', 'Margaretha Sugihartanti', 'Yogyakarta', '1989-10-04', ''),
(679, 8, '1', 'Yustinus Aryo Dewantoro', 'Yogyakarta', '1989-03-13', ''),
(680, 8, '1', 'Simon Kirene Enggar T.H.', 'Yogyakarta', '1988-12-21', ''),
(681, 8, '1', 'Maria Corry Agustina Prasetya', 'Surakarta', '1988-08-26', ''),
(682, 8, '1', 'Franciscus Benny Nurbiantoro', 'Yogyakarta', '1987-01-03', ''),
(683, 8, '1', 'Benedektus Sugihartanto', 'Yogyakarta', '1986-07-27', ''),
(684, 8, '1', 'Alroy Wijaya Ohmar', 'Yogyakarta', '1986-07-16', ''),
(685, 8, '1', 'Resti Widjayanti', 'Yogyakarta', '1986-02-13', ''),
(686, 8, '1', 'Anastasia Rumiyati Santoso', 'Yogyakarta', '1986-01-09', ''),
(687, 8, '1', 'Ari Wibowo', 'Yogyakarta', '1985-12-20', ''),
(688, 8, '1', 'Albertus Martin Wibawa', 'Yogyakarta', '1985-05-05', ''),
(689, 8, '1', 'Brigitta Galatia Anggraini', 'Yogyakarta', '1984-12-10', ''),
(690, 8, '1', 'Katarina Karina', 'Pangkalan Pinang', '1984-05-30', ''),
(691, 8, '1', 'Nugroho Sugiarto', 'Yogyakarta', '1983-10-20', ''),
(692, 8, '1', 'Robertus Anjar Wahyu Irawan', 'Yogyakarta', '1982-12-01', ''),
(693, 8, '1', 'Ratna Widyastuti', 'Yogyakarta', '1982-11-25', ''),
(694, 8, '1', 'Eko Prasetyo', 'Yogyakarta', '1982-11-15', ''),
(695, 8, '1', 'Edy Nugroho', 'Yogyakarta', '1982-10-07', ''),
(696, 8, '1', 'Brigita Rani Lestyowati', 'Yogyakarta', '1981-09-23', ''),
(697, 8, '1', 'Harri Radiantoro Aswindo', 'Surakarta', '1981-09-11', ''),
(698, 8, '1', 'Triyono Agus Wibowo', 'Yogyakarta', '1981-08-24', ''),
(699, 8, '1', 'B Dyah Hendrastuti', 'Yogyakarta', '1981-03-19', ''),
(700, 8, '1', 'Yohanes Sugihartono', 'Yogyakarta', '1980-10-16', ''),
(701, 8, '1', 'Pipit Purwandari', 'Yogyakarta', '1978-11-25', ''),
(702, 8, '1', 'Theresia Sri Maryani', 'Yogyakarta', '1977-11-06', ''),
(703, 8, '1', 'Heribertus Pancar Cahyadi', 'Surabaya', '1977-01-04', ''),
(704, 8, '1', 'Tri Indarto', 'Yogyakarta', '1976-07-30', ''),
(705, 8, '1', 'Lintang Andaruni', 'Yogyakarta', '1975-05-16', ''),
(706, 8, '1', 'Ignatius Sugiyanto', 'Yogyakarta', '1974-07-18', ''),
(707, 8, '1', 'Maria Siti Lodanti', 'Gunung Kidul', '1973-09-22', ''),
(708, 8, '1', 'Antonius Cahyadi Utomo', 'Yogyakarta', '1973-09-07', ''),
(709, 8, '1', 'Dwi Budi Wahono', 'Yogyakarta', '1973-09-06', ''),
(710, 8, '1', 'Nilam Wulandaru, Dra.', 'Jakarta Barat', '1971-12-17', ''),
(711, 8, '1', 'Godeliva Widyaningsih', 'Yogyakarta', '1970-07-28', ''),
(712, 8, '1', 'Aprilia Sri Wahyu Ningsih', 'Yogyakarta', '1969-12-04', ''),
(713, 8, '1', 'Henricus Tugimin', 'Yogyakarta', '1969-04-18', ''),
(714, 8, '1', 'Floriana Any Rahayuningtyas', 'Yogyakarta', '1967-08-06', ''),
(715, 8, '1', 'Felicia Emma Reknaningsih', 'Surabaya', '1967-06-18', ''),
(716, 8, '1', 'Florentina Apih Windarti', 'Yogyakarta', '1965-11-25', ''),
(717, 8, '1', 'Aloysius Kristiargo', 'Surabaya', '1965-06-02', ''),
(718, 8, '1', 'Asteria Sartinah', 'Yogyakarta', '1965-04-24', ''),
(719, 8, '1', 'Yohanes Riyanto', 'Yogyakarta', '1965-01-14', ''),
(720, 8, '1', 'Theresia Suyati', 'Blitar', '1964-01-09', ''),
(721, 8, '1', 'Yohanes Joko Suyanto', 'Yogyakarta', '1963-10-26', ''),
(722, 8, '1', 'Yustina Sumartinah', 'Yogyakarta', '1962-10-10', ''),
(723, 8, '1', 'Ra Maria Dhyah Retno Handayani', 'Yogyakarta', '1962-07-30', ''),
(724, 8, '1', 'Veronica Astuti', 'Salatiga', '1962-03-13', ''),
(725, 8, '1', 'Tjoa Setyanto Ohmar', 'Yogyakarta', '1961-10-29', ''),
(726, 8, '1', 'Ignatius Budiyono', 'Yogyakarta', '1961-10-11', ''),
(727, 8, '1', 'Flaviana Sri Hastuti', 'Yogyakarta', '1961-10-05', ''),
(728, 8, '1', 'Istanto', 'Yogyakarta', '1960-11-10', ''),
(729, 8, '1', 'Veronica Nuryani Sutrisno', 'Pekalongan', '1960-06-27', ''),
(730, 8, '1', 'Christien Purnomowati', 'Muntilan', '1960-05-10', ''),
(731, 8, '1', 'Sukirno', 'Yogyakarta', '1958-11-18', ''),
(732, 8, '1', 'Athanasia Sri Prihatin', 'Sleman', '1958-10-06', ''),
(733, 8, '1', 'Albertus Tatuh Wahyu Antoro', 'Pekalongan', '1958-06-12', ''),
(734, 8, '1', 'Fransisca Suharni', 'Yogyakarta', '1957-08-12', ''),
(735, 8, '1', 'Antonius Sukandri', 'Yogyakarta', '1957-07-15', ''),
(736, 8, '1', 'Lacela Isdalwati', 'Yogyakarta', '1956-10-31', ''),
(737, 8, '1', 'Samilah', 'Yogyakarta', '1955-12-31', ''),
(738, 9, '1', 'Beatrix Ceara Laksita', 'Sleman', '2009-06-23', '');
INSERT INTO `umat` (`umat_id`, `lingkungan_id`, `paroki_id`, `nama`, `tempat_lahir`, `tanggal_lahir`, `nik`) VALUES
(739, 9, '1', 'Cornelius Marvel Wirawan', 'Johor', '2007-10-28', ''),
(740, 9, '1', 'Adeodatus Seta Harsigana', 'Yogyakarta', '2006-10-25', ''),
(741, 9, '1', 'Aurelia Vania Aradhani', 'Yogyakarta', '2005-11-02', ''),
(742, 9, '1', 'Argi Pulung Haryono', 'Yogyakarta', '2004-05-13', ''),
(743, 9, '1', 'D. Hendi Krisnanto', 'Sleman', '2003-12-05', ''),
(744, 9, '1', 'Andrias Wahyu Saputra', 'Yogyakarta', '2003-02-02', ''),
(745, 9, '1', 'Dennis Crisandy Kusumayudha', 'Yogyakarta', '2002-08-24', ''),
(746, 9, '1', 'Agusta Sari Dewi', 'Yogyakarta', '2001-08-22', ''),
(747, 9, '1', 'Emmanuella Etsveta Titisari Putri', 'Bekasi', '2001-07-28', ''),
(748, 9, '1', 'A. Satria Febrianto', 'Yogyakarta', '2001-02-19', ''),
(749, 9, '1', 'B. Hilga Palma Paskalia', 'Sleman', '2000-04-16', ''),
(750, 9, '1', 'Fedora Natalia Puspitasari', 'Yogyakarta', '1998-12-06', ''),
(751, 9, '1', 'Agno Bayuwegadewa', 'Yogyakarta', '1998-09-29', ''),
(752, 9, '1', 'Pia Alvita', 'Yogyakarta', '1998-05-19', ''),
(753, 9, '1', 'Raden Afiral Devian Rangga Bramastya', 'Bantul', '1997-09-23', ''),
(754, 9, '1', 'Angga Vebrita Krisna', 'Yogyakarta', '1997-02-04', ''),
(755, 9, '1', 'Yudistira Jalu Adi Wicaksono', 'Yogyakarta', '1996-05-05', ''),
(756, 9, '1', 'Fernando Dicky Davidson', 'Sleman', '1996-03-03', ''),
(757, 9, '1', 'Regina', 'Tangerang', '1995-08-18', ''),
(758, 9, '1', 'Margaretha Devy Rian Anggraini', 'Yogyakarta', '1995-04-18', ''),
(759, 9, '1', 'Parahita Waras Tri', 'Yogyakarta', '1994-04-26', ''),
(760, 9, '1', 'Laksmana', 'Tange', '1993-09-20', ''),
(761, 9, '1', 'Retna Satuti', 'Yogyakarta', '1993-06-23', ''),
(762, 9, '1', 'Dony Damara', 'Yogyakarta', '1990-08-20', ''),
(763, 9, '1', 'Y Ayu Dian Puspita Dewi', 'Yogyakarta', '1990-07-16', ''),
(764, 9, '1', 'Chahyadi Saputra Susanto', 'Yogyakarta', '1989-01-02', ''),
(765, 9, '1', 'Aldi Irawan Ksatria', 'Yogyakarta', '1988-05-20', ''),
(766, 9, '1', 'Agustina Susanti', 'Yogyakarta', '1987-08-15', ''),
(767, 9, '1', 'Yossi Taurista Anandi Yanto', 'Yogyakarta', '1987-04-23', ''),
(768, 9, '1', 'Yohanes Tri Joko Susilo', 'Yogyakarta', '1987-04-06', ''),
(769, 9, '1', 'Sulistyowati', 'Nganjuk', '1986-06-25', ''),
(770, 9, '1', 'Bismo Pandoyo', 'Yogyakarta', '1984-10-15', ''),
(771, 9, '1', 'Theresia Indra Cahaya', 'Padang', '1984-05-11', ''),
(772, 9, '1', 'Rio Bangun Santoso', 'Yogyakarta', '1983-10-04', ''),
(773, 9, '1', 'Oktavianus Kunto Sakti Wijanarko', 'Magelang', '1983-10-01', ''),
(774, 9, '1', 'Yulia Ningsih', 'Lamongan', '1983-07-06', ''),
(775, 9, '1', 'Laurensia Prihani', 'Yogyakarta', '1982-12-02', ''),
(776, 9, '1', 'Dwi Saputro', 'Yogyakarta', '1982-10-19', ''),
(777, 9, '1', 'Banu Gutomo', 'Yogyakarta', '1982-04-29', ''),
(778, 9, '1', 'Ryan Saputra', 'Jakarta', '1981-11-16', ''),
(779, 9, '1', 'Sambu Polosoro', 'Yogyakarta', '1980-12-23', ''),
(780, 9, '1', 'Fx Koko Handoko', 'Yogyakarta', '1977-01-02', ''),
(781, 9, '1', 'Veronica Amdani Tri Wahyuni', 'Sleman', '1976-02-02', ''),
(782, 9, '1', 'Bejo Sugenghartanto', 'Yogyakarta', '1975-04-01', ''),
(783, 9, '1', 'C Ester Kristiningsih', 'Sleman', '1975-03-30', ''),
(784, 9, '1', 'Yohanes P Lilik Haryono', 'Yogyakarta', '1973-06-15', ''),
(785, 9, '1', 'Bernadeta Krismiasih', 'Purworejo', '1972-05-20', ''),
(786, 9, '1', 'Wahad', 'Yogyakarta', '1971-06-21', ''),
(787, 9, '1', 'A. Setyawan Andri Wijaya', 'Yogyakarta', '1971-01-27', ''),
(788, 9, '1', 'Pratiwi', 'Yogyakarta', '1970-12-20', ''),
(789, 9, '1', 'Mudji Santoso', 'Yogyakarta', '1969-07-21', ''),
(790, 9, '1', 'Maria Goretti Tri Yumiarti', 'Yogyakarta', '1969-06-15', ''),
(791, 9, '1', 'Yulia Darwanti', 'Yogyakarta', '1969-03-08', ''),
(792, 9, '1', 'Rosalia Pramuniati', 'Yogyakarta', '1968-11-01', ''),
(793, 9, '1', 'Mudo Wintolo', 'Yogyakarta', '1968-06-12', ''),
(794, 9, '1', 'Theresia Sandrasjah, S.H.', 'Yogyakarta', '1967-11-30', ''),
(795, 9, '1', 'R Bintarto Herliantoro P', 'Yogyakarta', '1967-09-19', ''),
(796, 9, '1', 'Endang Cahyani', 'Yogyakarta', '1967-04-19', ''),
(797, 9, '1', 'Naning Retna Purwaningsih Chatarina', 'Yogyakarta', '1967-03-13', ''),
(798, 9, '1', 'Aloysius Sonny Syah', 'Yogyakarta', '1966-10-10', ''),
(799, 9, '1', 'Ir. Christina Adriyani', 'Klaten', '1965-10-20', ''),
(800, 9, '1', 'Oen Lilis Suzana', 'Yogyakarta', '1965-10-20', ''),
(801, 9, '1', 'Setya Graha', 'Yogyakarta', '1965-08-24', ''),
(802, 9, '1', 'V. Sapkuntala Wati', 'Yogyakarta', '1965-07-05', ''),
(803, 9, '1', 'Ir.Ig Agung Wibowo, M.Sc', 'Yogyakarta', '1965-05-03', ''),
(804, 9, '1', 'Suhanto', 'Purwokerto', '1965-02-26', ''),
(805, 9, '1', 'M M Siwi Praptiningsih', 'Yogyakarta', '1965-01-14', ''),
(806, 9, '1', 'Slamet Supriyanto', 'Majalengka', '1964-06-30', ''),
(807, 9, '1', 'Ir. Y. Kuncoro Wijoyo', 'Yogyakarta', '1964-04-24', ''),
(808, 9, '1', 'Sari Astuti', 'Yogyakarta', '1963-10-26', ''),
(809, 9, '1', 'Ignatius Teguh Sadana', 'Yogyakarta', '1962-04-14', ''),
(810, 9, '1', 'C.Slamet Inang Saptono', 'Yogyakarta', '1961-09-26', ''),
(811, 9, '1', 'Mulia Ksatria', 'Samarinda', '1960-11-16', ''),
(812, 9, '1', 'Antonius Budi Santoso', 'Yogyakarta', '1960-09-09', ''),
(813, 9, '1', 'Budi Raharjo', 'Yogyakarta', '1960-03-27', ''),
(814, 9, '1', 'Lo Djioe Kin / Rika', 'Yogyakarta', '1958-10-16', ''),
(815, 9, '1', 'Heru Sulistyo', 'Yogyakarta', '1958-07-27', ''),
(816, 9, '1', 'Ds. Sri Sularti', 'Yogyakarta', '1957-11-13', ''),
(817, 9, '1', 'Waginem', 'Klaten', '1956-07-02', ''),
(818, 9, '1', 'Antonia Suparmi', 'Yogyakarta', '1955-03-04', ''),
(819, 9, '1', 'Yanuaria Sudilah', 'Yogyakarta', '1955-01-15', ''),
(820, 9, '1', 'Mm Maryati Adisuwito', 'Kulon Progo', '1954-10-24', ''),
(821, 9, '1', 'Sudarmini', 'Yogyakarta', '1954-09-10', ''),
(822, 10, '1', 'Diva Febriyanti Putri', 'Yogyakarta', '2008-02-09', ''),
(823, 10, '1', 'Angela Tiara Vania', 'Yogyakarta', '2007-11-23', ''),
(824, 10, '1', 'Rio Ardian Saputra', 'Yogyakarta', '2007-05-21', ''),
(825, 10, '1', 'Sekar Ayu Maharani', 'Sleman', '2006-11-18', ''),
(826, 10, '1', 'Shania Naomi Inova', 'Sleman', '2005-09-13', ''),
(827, 10, '1', 'Marcel Risdi Putra', 'Yogyakarta', '2004-03-07', ''),
(828, 10, '1', 'Yurika Vega Carissa', 'Sleman', '2002-07-06', ''),
(829, 10, '1', 'Fisca Delfiana Ardelia', 'Yogyakarta', '2002-05-02', ''),
(830, 10, '1', 'Alfa Risdi Putra', 'Yogyakarta', '2001-12-07', ''),
(831, 10, '1', 'Maharani Devi Kusumawardani', 'Yogyakarta', '2000-07-22', ''),
(832, 10, '1', 'Wisnu Aji Prasetyo', 'Yogyakarta', '1999-04-01', ''),
(833, 10, '1', 'Indriyati', 'Yogyakarta', '1996-08-24', ''),
(834, 10, '1', 'Yanuar Ade Trilaksana', 'Yogyakarta', '1996-01-27', ''),
(835, 10, '1', 'Fanny Della Amalia', 'Yogyakarta', '1995-11-12', ''),
(836, 10, '1', 'Apriyanto', 'Yogyakarta', '1995-04-17', ''),
(837, 10, '1', 'Wijayanti', 'Semarang', '1994-11-09', ''),
(838, 10, '1', 'Dony Agustian', 'Yogyakarta', '1994-03-04', ''),
(839, 10, '1', 'Indra Saputra', 'Yogyakarta', '1992-08-31', ''),
(840, 10, '1', 'Chyntia Aninda', 'Yogyakarta', '1992-06-28', ''),
(841, 10, '1', 'Danang Wijayanto', 'Yogyakarta', '1990-01-07', ''),
(842, 10, '1', 'Maryati', 'Yogyakarta', '1987-02-16', ''),
(843, 10, '1', 'Dina Irawati', 'Yogyakarta', '1986-08-04', ''),
(844, 10, '1', 'Endah Kusumaningtyas Bhektiutami', 'Yogyakarta', '1986-05-28', ''),
(845, 10, '1', 'Is Lestari', 'Yogyakarta', '1986-01-11', ''),
(846, 10, '1', 'Kusuma Harry Kuncoro', 'Yogyakarta', '1985-12-01', ''),
(847, 10, '1', 'Ira Mujirahayu', 'Surabaya', '1983-08-12', ''),
(848, 10, '1', 'Agusti Dwi Krisnandalu', 'Yogyakarta', '1981-08-10', ''),
(849, 10, '1', 'Ambar Setyawan', 'Yogyakarta', '1981-05-18', ''),
(850, 10, '1', 'Farida Astiningtyas', 'Yogyakarta', '1979-07-18', ''),
(851, 10, '1', 'Hastiningtyas Kuncari', 'Yogyakarta', '1979-06-05', ''),
(852, 10, '1', 'Yoki Wijaya', 'Yogyakarta', '1978-09-06', ''),
(853, 10, '1', 'Kristianto', 'Yogyakarta', '1978-04-04', ''),
(854, 10, '1', 'Widhi Tyas Sunarya', 'Yogyakarta', '1977-06-14', ''),
(855, 10, '1', 'Magdasari Nasution', 'Medan', '1976-10-23', ''),
(856, 10, '1', 'Wati Issriningrum', 'Yogyakarta', '1976-06-19', ''),
(857, 10, '1', 'Esti Kristiyanti', 'Yogyakarta', '1975-11-29', ''),
(858, 10, '1', 'Tri Kuncara', 'Yogyakarta', '1975-11-01', ''),
(859, 10, '1', 'Gisni Enggo Murti Widjaya', 'Yogyakarta', '1975-09-22', ''),
(860, 10, '1', 'Ristu Suwasti', 'Yogyakarta', '1975-02-18', ''),
(861, 10, '1', 'Ari Saloka', 'Jakarta', '1975-01-08', ''),
(862, 10, '1', 'Tommi Sunarman', 'Yogyakarta', '1974-08-08', ''),
(863, 10, '1', 'Titin Septiana Hartanti', 'Yogyakarta', '1973-09-11', ''),
(864, 10, '1', 'Th Sari Iswanti', 'Yogyakarta', '1970-06-27', ''),
(865, 10, '1', 'Koenmarsoesi', 'Yogyakarta', '1969-09-13', ''),
(866, 10, '1', 'Eko Triono', 'Yogyakarta', '1969-04-10', ''),
(867, 10, '1', 'Eka Susanti', 'Yogyakarta', '1969-02-24', ''),
(868, 10, '1', 'Seno Widiyanto', 'Jakarta', '1968-11-17', ''),
(869, 10, '1', 'Yughastowo Soetiasmono', 'Klaten', '1968-08-30', ''),
(870, 10, '1', 'Agung Raharjo', 'Yogyakarta', '1967-06-26', ''),
(871, 10, '1', 'Soemardani', 'Yogyakarta', '1966-01-19', ''),
(872, 10, '1', 'Medi Suryanto', 'Yogyakarta', '1965-05-18', ''),
(873, 10, '1', 'Sriyati', 'Sukabumi', '1962-11-25', ''),
(874, 10, '1', 'Waginah', 'Bantul', '1961-02-27', ''),
(875, 10, '1', 'Dwiatmi Rina Suwandari', 'Yogyakarta', '1961-02-01', ''),
(876, 10, '1', 'Dewi Astuti', 'Yogyakarta', '1960-12-28', ''),
(877, 10, '1', 'Kustiani', 'Yogyakarta', '1960-09-15', ''),
(878, 10, '1', 'Agus Supriyanto', 'Yogyakarta', '1960-08-20', ''),
(879, 10, '1', 'Katrihastuti', 'Sleman', '1960-03-03', ''),
(880, 10, '1', 'Surani', 'Yogyakarta', '1959-12-01', ''),
(881, 10, '1', 'Jayadi', 'Yogyakarta', '1959-08-05', ''),
(882, 10, '1', 'Widji Lasmining', 'Yogyakarta', '1958-11-08', ''),
(883, 10, '1', 'Sugiyanto', 'Yogyakarta', '1957-05-22', ''),
(884, 10, '1', 'Slamet', 'Yogyakarta', '1956-10-07', ''),
(885, 10, '1', 'Heri Sulistyo', 'Semarang', '1956-06-06', ''),
(886, 10, '1', 'Rochmadi Budiutomo', 'Yogyakarta', '1955-12-12', ''),
(887, 10, '1', 'Susanto', 'Yogyakarta', '1954-12-22', ''),
(888, 10, '1', 'Sri Mulyani', 'Yogyakarta', '1954-12-12', ''),
(889, 10, '1', 'Suratini', 'Yogyakarta', '1954-09-08', ''),
(890, 11, '1', 'Athaya Mahardika Andani', 'Jakarta', '2006-05-08', ''),
(891, 11, '1', 'Felisia Fidela Lituhayu Bawono', 'Yogyakarta', '2005-03-07', ''),
(892, 11, '1', 'Michael Suryo Gupito Mahardika', 'Yogyakarta', '2000-08-09', ''),
(893, 11, '1', 'Anna Maria Agra Nathanniela Satyaningati', 'Yogyakarta', '2000-07-11', ''),
(894, 11, '1', 'Thomas Bagas Satrio Hutomo', 'Yogyakarta', '1995-03-06', ''),
(895, 11, '1', 'Skolastika Winta Hayu Pramesti', 'Yogyakarta', '1993-06-19', ''),
(896, 11, '1', 'Antonius Elsa Meihendra Paksi', 'Yogyakarta', '1991-05-22', ''),
(897, 11, '1', 'Emmanuel Winta Anindita Wardhana', 'Yogyakarta', '1988-10-16', ''),
(898, 11, '1', 'Dionisia Erly Oey Sari', 'Melolo', '1988-09-30', ''),
(899, 11, '1', 'Aghata Eka Ratna Sari', 'Jakarta', '1987-10-03', ''),
(900, 11, '1', 'Bernadetta Winta Tridhatu Satwikasanti', 'Yogyakarta', '1984-10-12', ''),
(901, 11, '1', 'Caecilia Yulia Hapsari', 'Semarang', '1979-07-19', ''),
(902, 11, '1', 'Constantinus Dimas Haryoseno', 'Jakarta', '1978-11-30', ''),
(903, 11, '1', 'Gregorius Edy Kuswanto', 'Yogyakarta', '1977-09-28', ''),
(904, 11, '1', 'Yohanes Franciscus Regis Arko Bawono', 'Yogyakarta', '1977-06-16', ''),
(905, 11, '1', 'Aloysia Dhesi Suryaningrum', 'Wonosobo', '1975-12-28', ''),
(906, 11, '1', 'Redemptus Dalu Listyandaru', 'Yogyakarta', '1975-11-07', ''),
(907, 11, '1', 'Patricia Ananda Pridiani', 'Jakarta', '1975-09-22', ''),
(908, 11, '1', 'Yustina Erny Winartuti', 'Yogyakarta', '1974-10-15', ''),
(909, 11, '1', 'Leonita Widya Indriyaningrum', 'Cilacap', '1974-01-17', ''),
(910, 11, '1', 'Arianto Raharjo', 'Yogyakarta', '1971-03-31', ''),
(911, 11, '1', 'Slamet Surojo', 'Yogyakarta', '1971-03-20', ''),
(912, 11, '1', 'Albertus Magnus Eko Pitono Novianto', 'Yogyakarta', '1969-11-23', ''),
(913, 11, '1', 'Waskitojati', 'Yogyakarta', '1968-12-03', ''),
(914, 11, '1', 'Emiliana Sri Wihardjanti', 'Yogyakarta', '1967-05-17', ''),
(915, 11, '1', 'Cecilia Yuliwati', 'Yogyakarta', '1966-07-28', ''),
(916, 11, '1', 'Ignatius Suharwoko', 'Yogyakarta', '1966-07-03', ''),
(917, 11, '1', 'Theresia Widyantini', 'Surakarta', '1962-03-21', ''),
(918, 11, '1', 'Emiliana Tri Wahyuni', 'Yogyakarta', '1962-01-29', ''),
(919, 11, '1', 'Christina Trigaya', 'Yogyakarta', '1959-09-02', ''),
(920, 11, '1', 'Antonius Sumarsono', 'Yogyakarta', '1959-04-04', ''),
(921, 11, '1', 'Fransisca Wahyu Triswarini', 'Yogyakarta', '1956-10-23', ''),
(922, 11, '1', 'Yuliana Dwi Ngatiyastuti', 'Yogyakarta', '1956-10-13', ''),
(923, 11, '1', 'Odrada Ismu Darwati Etty Myrjanti', 'Klaten', '1954-11-01', ''),
(924, 12, '1', 'Yunita Putri Denova', 'Yogyakarta', '2010-06-03', ''),
(925, 12, '1', 'Riski Aditya Pamungkas', 'Yogyakarta', '2010-03-01', ''),
(926, 12, '1', 'Viano Joantony', 'Yogyakarta', '2009-08-14', ''),
(927, 12, '1', 'Dennis Putradarma', 'Yogyakarta', '2008-07-14', ''),
(928, 12, '1', 'Sterlyta', 'Yogyakarta', '2008-07-05', ''),
(929, 12, '1', 'Jvlyn Izumi Noeralim', 'Yogyakarta', '2008-04-17', ''),
(930, 12, '1', 'Kherubim Wahyusphatikendra Wisuddhaprajnya', 'Yogyakarta', '2007-10-15', ''),
(931, 12, '1', 'Wahyumanindra W.', 'Yogyakarta', '2007-08-30', ''),
(932, 12, '1', 'Fayre Jocelyna', 'Yogyakarta', '2007-08-24', ''),
(933, 12, '1', 'Vanessa Purnomo Solo', 'Yogyakarta', '2006-01-15', ''),
(934, 12, '1', 'Wahyurajendra W.', 'Yogyakarta', '2005-12-03', ''),
(935, 12, '1', 'Esther Nathania Febriand', 'Tasikmalaya', '2005-03-27', ''),
(936, 12, '1', 'Yosephin Soviyanti Giawa', 'Gomo', '2005-03-19', ''),
(937, 12, '1', 'Anastasia Ckyreina Ruth Hutagalung', 'Merauke', '2005-03-01', ''),
(938, 12, '1', 'Hilaria Reachel Irawan', 'Curup', '2005-01-13', ''),
(939, 12, '1', 'Maria Rosa Pudyanenggar', 'Tangerang', '2004-10-07', ''),
(940, 12, '1', 'Stefanus Rendy Satria Pratama Putra', 'Yogyakarta', '2004-09-28', ''),
(941, 12, '1', 'Agata Alvina Adricilia', 'Jakarta', '2004-09-02', ''),
(942, 12, '1', 'Secillia Austrin Reynaldo', 'Banjarbaru', '2004-07-19', ''),
(943, 12, '1', 'Andrea Caemila Zora Cahyadewi', 'Surabaya', '2004-07-18', ''),
(944, 12, '1', 'Agnes Vallisa', 'Sleman', '2004-07-13', ''),
(945, 12, '1', 'Nathania Adelia Carissa', 'Jayapura', '2004-06-27', ''),
(946, 12, '1', 'Gisela Vania Sandy Putri', 'Surabaya', '2004-06-05', ''),
(947, 12, '1', 'Jeanne Galla Mangesak Putri', 'Serui', '2004-05-30', ''),
(948, 12, '1', 'Verina Laura Prameswari', 'Jakarta', '2004-05-18', ''),
(949, 12, '1', 'Gavin Joartana', 'Yogyakarta', '2004-04-02', ''),
(950, 12, '1', 'Teresia Margareta Redi Kezia Theophila', 'Balikpapan', '2004-03-25', ''),
(951, 12, '1', 'Chrysant Aurely Tumanggor', 'Bitung', '2004-02-02', ''),
(952, 12, '1', 'Maureena Ully Pasaribu', 'Palangkaraya', '2004-01-22', ''),
(953, 12, '1', 'Martha Inez Dwiarianti', 'Tegal', '2004-01-19', ''),
(954, 12, '1', 'Dinda Kirana Lare Kani', 'Yogyakarta', '2003-12-31', ''),
(955, 12, '1', 'Cecilia Anindya Kayana Ambarista', 'Yogyakarta', '2003-12-14', ''),
(956, 12, '1', 'Maria Tyan Fransiska Emma Ulukyanan', 'Biak', '2003-11-27', ''),
(957, 12, '1', 'Marsela Patrisia Wanandi', 'Fakfak', '2003-11-19', ''),
(958, 12, '1', 'Maria Ni Nyoman Amelia Etsa', 'Denpasar', '2003-10-24', ''),
(959, 12, '1', 'Angelica Betrin Wulan Okta Putri', 'Lubuklinggau', '2003-10-20', ''),
(960, 12, '1', 'Sisilia Filia Dulcis', 'Surabaya', '2003-10-13', ''),
(961, 12, '1', 'Agustina Rosari Ilalang Bumi', 'Purwakarta', '2003-08-13', ''),
(962, 12, '1', 'Maria Anindya Kalya Paramesti', 'Surakarta', '2003-08-11', ''),
(963, 12, '1', 'Felisita Agustin Dwinovanty', 'Abepura', '2003-06-20', ''),
(964, 12, '1', 'Anastasia Veren', 'Lubuklinggau', '2003-05-10', ''),
(965, 12, '1', 'Afra Mahendra Prasetyawati', 'Karanganyar', '2003-05-05', ''),
(966, 12, '1', 'Paskalis Sadewo K', 'Yogyakarta', '2003-04-07', ''),
(967, 12, '1', 'Kristina Adine Mustika Arnalda', 'Banyuwangi', '2003-02-20', ''),
(968, 12, '1', 'Victoria Janice Frenika', 'Wonosobo', '2003-01-27', ''),
(969, 12, '1', 'Maria Putri Dwi Astuti', 'Jakarta', '2003-01-05', ''),
(970, 12, '1', 'Galuh Kirana Larekani', 'Yogyakarta', '2001-01-14', ''),
(971, 12, '1', 'Tyas Nur Marselina', 'Magelang', '2000-11-26', ''),
(972, 12, '1', 'Arcellia Aliza Budiman', 'Yogyakarta', '2000-11-07', ''),
(973, 12, '1', 'Dyah Hayot Rukmini', 'Bantul', '2000-11-06', ''),
(974, 12, '1', 'Cornelia Marcella Magno', 'Jakarta', '2000-09-16', ''),
(975, 12, '1', 'Br. Fransiskus Belepa Are, Mtb', 'Kota Rowido', '2000-06-25', ''),
(976, 12, '1', 'Br. Ligorius Ego, Mtb', 'Sungai Perupuk', '2000-06-14', ''),
(977, 12, '1', 'Pascalia Rekian Gayatri', 'Jambi', '2000-04-26', ''),
(978, 12, '1', 'Br. Damianus Kutu, Mtb', 'Fatubesi', '2000-01-20', ''),
(979, 12, '1', 'Sekar Lintang Gemelia Danardono', 'Yogyakarta', '1999-10-01', ''),
(980, 12, '1', 'Kidung Sakti Gemelio Danardono', 'Yogyakarta', '1999-10-01', ''),
(981, 12, '1', 'Benedikta Sekar Lintang Gemelia Danardono', 'Yogyakarta', '1999-10-01', ''),
(982, 12, '1', 'Br. Hilarion Mon, Mtb', 'Pahar', '1999-05-20', ''),
(983, 12, '1', 'Brigitta Nanda Gitaswara', 'Yogyakarta', '1999-03-06', ''),
(984, 12, '1', 'Br. Octavianus Aldo Mamuraja, Mtb', 'Singkawang', '1998-10-01', ''),
(985, 12, '1', 'Awang Radya Bagaskoro', 'Yogyakarta', '1998-05-16', ''),
(986, 12, '1', 'Br. Aleksander Anton Agung, Mtb', 'Tahak Ketapang', '1997-12-28', ''),
(987, 12, '1', 'Wahyunarendra W.', 'Yogyakarta', '1997-11-03', ''),
(988, 12, '1', 'Lejar Pamungkas K', 'Yogyakarta', '1997-10-13', ''),
(989, 12, '1', 'Dorothea Galuh Setta Anjarjati', 'Jambi', '1997-09-10', ''),
(990, 12, '1', 'Stella Permatasari', 'Yogyakarta', '1997-06-23', ''),
(991, 12, '1', 'Bobby Prasetyo', 'Surakarta', '1997-03-29', ''),
(992, 12, '1', 'Bryan Lee Budiman', 'Yogyakarta', '1997-03-17', ''),
(993, 12, '1', 'Wahyumahendra W.', 'Yogyakarta', '1996-10-28', ''),
(994, 12, '1', 'Abri Utomo', 'Yogyakarta', '1996-10-05', ''),
(995, 12, '1', 'Satriya Kusuma Haryono', 'Yogyakarta', '1996-07-27', ''),
(996, 12, '1', 'Br. Agustinus Fernandez, Mtb', 'Larantuka', '1996-05-01', ''),
(997, 12, '1', 'Br. Donatus, Csa', 'Wojang', '1995-12-31', ''),
(998, 12, '1', 'Natalia Diah Ayu Puspita', 'Bogor', '1995-12-04', ''),
(999, 12, '1', 'Fajar Bintang Timur', 'Yogyakarta', '1995-10-05', ''),
(1000, 12, '1', 'Yohanes Sarca Adianto', 'Yogyakarta', '1995-06-25', ''),
(1001, 12, '1', 'Br. Richard, Csa', 'Waru Leok', '1995-06-11', ''),
(1002, 12, '1', 'Theodora Galih Sekkar Anjarsari', 'Yogyakarta', '1994-11-07', ''),
(1003, 12, '1', 'Aryo Bilowo', 'Bantul', '1994-09-26', ''),
(1004, 12, '1', 'Tito Suatmono', 'Magelang', '1994-09-04', ''),
(1005, 12, '1', 'Alam Bintang Samudra', 'Yogyakarta', '1994-02-02', ''),
(1006, 12, '1', 'Benga Lelan', 'Yogyakarta', '1993-10-07', ''),
(1007, 12, '1', 'Sr. Ferdinanda, Adm', 'Pokot-Sumba', '1993-09-15', ''),
(1008, 12, '1', 'Debeasinta Aliza Budiman', 'Yogyakarta', '1993-08-18', ''),
(1009, 12, '1', 'Sr. Maristella, Adm', 'Leke-Manggarai Flores', '1993-07-05', ''),
(1010, 12, '1', 'Br. Paulus Santo. Mtb', 'Entakai Ii', '1993-06-03', ''),
(1011, 12, '1', 'Sr. Bernadeth, Adm', 'Kupang', '1992-06-23', ''),
(1012, 12, '1', 'Adina Utami', 'Yogyakarta', '1992-01-04', ''),
(1013, 12, '1', 'Br. Bonifasius Purianto, Mtb', 'Setugal', '1991-11-09', ''),
(1014, 12, '1', 'Sr. Dominika, Adm', 'Kota Kinabalu-Sabah Malaysia', '1991-11-04', ''),
(1015, 12, '1', 'Galuh Mawingsih', 'Bantul', '1991-11-02', ''),
(1016, 12, '1', 'Br. Damian, Csa', 'Benteng Jawa', '1991-08-18', ''),
(1017, 12, '1', 'Olivia Aliza Budiman', 'Yogyakarta', '1991-07-01', ''),
(1018, 12, '1', 'Prasetyo', 'Yogyakarta', '1991-02-03', ''),
(1019, 12, '1', 'Sr. Salesia, Adm', 'Lospalos- Timor Leste', '1990-09-09', ''),
(1020, 12, '1', 'Sr. Serlly Cb', 'Lakapera', '1990-04-07', ''),
(1021, 12, '1', 'Sr. Anselma, Adm', 'Puu Rita-Sumba Barat Daya', '1989-11-13', ''),
(1022, 12, '1', 'Tataq Wicaksono', 'Yogyakarta', '1988-09-10', ''),
(1023, 12, '1', 'Sr. Helena, Adm', 'Komi Katto- Sumba Barat Daya', '1988-08-31', ''),
(1024, 12, '1', 'Sr. Xaveria, Adm', 'Manduru Kamba-Sumba', '1987-12-11', ''),
(1025, 12, '1', 'Br. Albertus Raydi, Mtb', 'Sanggau', '1987-12-03', ''),
(1026, 12, '1', 'Haryo Widanto', 'Yogyakarta', '1986-06-25', ''),
(1027, 12, '1', 'Dorra Ria', 'Yogyakarta', '1986-06-18', ''),
(1028, 12, '1', 'Sr. Fransiska, Adm', 'Kebumen', '1986-02-16', ''),
(1029, 12, '1', 'Widiyastuti', 'Yogyakarta', '1985-12-20', ''),
(1030, 12, '1', 'Sr. Regina, Adm', 'Waibalun-Flores Timur', '1985-07-23', ''),
(1031, 12, '1', 'Dewi Fajarwati', 'Magelang', '1984-08-15', ''),
(1032, 12, '1', 'Santi Iswati', 'Temanggung', '1984-08-01', ''),
(1033, 12, '1', 'Endang Martiningsih', 'Pringsewu', '1984-03-12', ''),
(1034, 12, '1', 'Br. Libert Jehadit, Csa', 'Manggarai, Flores-Ntt', '1983-07-23', ''),
(1035, 12, '1', 'Maryati', 'Yogyakarta', '1983-03-25', ''),
(1036, 12, '1', 'Hargo Asmoro Hadi', 'Yogyakarta', '1982-06-14', ''),
(1037, 12, '1', 'Koni Riti', 'Watukarikideta (Sumba Ntt)', '1982-06-06', ''),
(1038, 12, '1', 'Hadrianus Wijayanto', 'Yogyakarta', '1982-04-15', ''),
(1039, 12, '1', 'Ardiyanto Wibowo', 'Yogyakarta', '1981-10-03', ''),
(1040, 12, '1', 'Tharyo', 'Kotagajah', '1981-06-17', ''),
(1041, 12, '1', 'Tharno', 'Kotagajah', '1981-06-15', ''),
(1042, 12, '1', 'Anggono Tri Mahegsi', 'Yogyakarta', '1981-02-03', ''),
(1043, 12, '1', 'Al Noval', 'Jember', '1980-11-03', ''),
(1044, 12, '1', 'Elisabet Maria Agustiningsih', 'Yogyakarta', '1980-08-27', ''),
(1045, 12, '1', 'Esther Wibowo', 'Semarang', '1980-04-06', ''),
(1046, 12, '1', 'Br.Silvinus Minor Bhodo Csa', 'Ngorabolo,Ngada,Ntt', '1979-09-28', ''),
(1047, 12, '1', 'Arianto', 'Bandung', '1979-04-27', ''),
(1048, 12, '1', 'Sr. Vianney Widiharini, Adm', 'Purworejo', '1977-01-14', ''),
(1049, 12, '1', 'Kisworowati', 'Gundih', '1977-01-05', ''),
(1050, 12, '1', 'Licy', 'Medan', '1976-10-20', ''),
(1051, 12, '1', 'Nur Miyati', 'Yogyakarta', '1976-05-23', ''),
(1052, 12, '1', 'Yhuliestina Puspaning Tyas', 'Yogyakarta', '1975-07-22', ''),
(1053, 12, '1', 'Njo Ustoyo', 'Purworejo', '1975-04-22', ''),
(1054, 12, '1', 'Vera Contessa', 'Yogyakarta', '1975-03-27', ''),
(1055, 12, '1', 'Darpito Heru Prihantyo', 'Magelang', '1974-09-05', ''),
(1056, 12, '1', 'Nartini', 'Kulon Progo', '1974-04-25', ''),
(1057, 12, '1', 'Much Kalimi', 'Magelang', '1973-10-06', ''),
(1058, 12, '1', 'Tursiwi Kartika Aji', 'Yogyakarta', '1972-06-24', ''),
(1059, 12, '1', 'Dewi Widyastuti', 'Yogyakarta', '1971-12-06', ''),
(1060, 12, '1', 'Andun Krismiarno', 'Yogyakarta', '1971-05-18', ''),
(1061, 12, '1', 'Yuvita Andjani', 'Yogyakarta', '1971-02-10', ''),
(1062, 12, '1', 'Sri Rahayu', 'Yogyakarta', '1970-11-23', ''),
(1063, 12, '1', 'Ouda Teda Ena', 'Sleman', '1970-10-17', ''),
(1064, 12, '1', 'Sutiyem', 'Klaten', '1970-07-15', ''),
(1065, 12, '1', 'Maryati', 'Yogyakarta', '1970-03-14', ''),
(1066, 12, '1', 'Fransiskus Supriyana', 'Temanggung', '1970-02-04', ''),
(1067, 12, '1', 'Linda Sudarto Sr. Priska, Adm.', 'Palembang', '1969-10-19', ''),
(1068, 12, '1', 'Wahyudi', 'Cilacap', '1968-06-17', ''),
(1069, 12, '1', 'Siti Halimah', 'Purworejo', '1967-08-14', ''),
(1070, 12, '1', 'Pujianto', 'Yogyakarta', '1967-08-14', ''),
(1071, 12, '1', 'Genoveva Sumranti', 'Sleman', '1967-05-19', ''),
(1072, 12, '1', 'Sr. Agnetta Cb', 'Gunung Kidul', '1967-04-29', ''),
(1073, 12, '1', 'Sitimuntarsih Aji', 'Yogyakarta', '1966-09-30', ''),
(1074, 12, '1', 'Purwanti', 'Kulon Progo', '1966-03-04', ''),
(1075, 12, '1', 'Bernardus Tresno Sumbodo', 'Surakarta', '1965-03-12', ''),
(1076, 12, '1', 'Lisa Purnamawati', 'Temanggung', '1964-11-01', ''),
(1077, 12, '1', 'Ratna Lianty', 'Curup', '1964-07-10', ''),
(1078, 12, '1', 'Br. Nikolas Klau Seran, Mtb', 'Belu', '1964-06-15', ''),
(1079, 12, '1', 'Eugenia Endah Nurhastuti', 'Samarinda', '1964-03-17', ''),
(1080, 12, '1', 'Br.Lukas Suyanta,Csa', 'Magelang', '1964-01-14', ''),
(1081, 12, '1', 'Sugiyanto', 'Magelang', '1963-06-02', ''),
(1082, 12, '1', 'Suprapti', 'Yogyakarta', '1961-12-21', ''),
(1083, 12, '1', 'Yustina Sumartini', 'Sleman', '1961-08-19', ''),
(1084, 12, '1', 'Dra. Julianti', 'Semarang', '1961-07-13', ''),
(1085, 12, '1', 'Maudy Maria E Richir', 'Jakarta', '1961-07-11', ''),
(1086, 12, '1', 'Ali Boedi Santoso', 'Yogyakarta', '1961-03-05', ''),
(1087, 12, '1', 'Sri Mulyono', 'Semarang', '1961-02-08', ''),
(1088, 12, '1', 'S.Sarjiyem', 'Yogyakarta', '1959-06-21', ''),
(1089, 12, '1', 'Agustiningsih', 'Pasuruhan', '1958-09-12', ''),
(1090, 12, '1', 'Sr. Anastasia, Adm Darmini', 'Cilacap-Jawatengah', '1958-04-04', ''),
(1091, 12, '1', 'Makrina Kristiana', 'Surakarta', '1958-01-14', ''),
(1092, 12, '1', 'Yutinus Suparman', 'Klaten', '1957-03-10', ''),
(1093, 12, '1', 'Br. Fransiskus Xaverius Sugeng, Mtb', 'Magelang', '1956-11-22', ''),
(1094, 12, '1', 'Sr. Agustina, Adm', 'Wingko Sanggrahan- Purworejo', '1955-03-08', ''),
(1095, 12, '1', 'Kartini', 'Gunung Kidul', '0000-00-00', ''),
(1096, 12, '1', 'Map Chandra Lukitasari', 'Yogyakarta', '0000-00-00', ''),
(1097, 13, '1', 'Michael Nathanael', 'Yogyakarta', '2010-01-29', ''),
(1098, 13, '1', 'Gabriel Axelle Rahail', 'Yogyakarta', '2009-12-21', ''),
(1099, 13, '1', 'Joshua Grevien Erli', 'Yogyakarta', '2009-06-06', ''),
(1100, 13, '1', 'Michelle J. Dwaindriantoputri', 'Yogyakarta', '2009-02-01', ''),
(1101, 13, '1', 'Michelle Fani Analia', 'Yogyakarta', '2008-09-24', ''),
(1102, 13, '1', 'Yanes Tjahya Oetama', 'Sleman', '2008-09-23', ''),
(1103, 13, '1', 'Maria Grace Michelle Averina', 'Yogyakarta', '2007-12-01', ''),
(1104, 13, '1', 'Antonius Kiya Ananda Derron', 'Yogyakarta', '2006-01-07', ''),
(1105, 13, '1', 'Fransisca Laila Anggoro Ratri Harjanto', 'Sleman', '2005-05-23', ''),
(1106, 13, '1', 'Helsa Gelar Prajaradia', 'Yogyakarta', '2005-04-02', ''),
(1107, 13, '1', 'Laurencia Lintang Arum Purbasari Harjanto', 'Sleman', '2004-01-26', ''),
(1108, 13, '1', 'Kevin Erlangga', 'Yogyakarta', '2003-12-31', ''),
(1109, 13, '1', 'Cicilia Novi Anggraeni', 'Yogyakarta', '2003-11-19', ''),
(1110, 13, '1', 'Stevanus Richard Wicaksono Harjanto', 'Sleman', '2002-06-30', ''),
(1111, 13, '1', 'Deva Wahyu Meykarani', 'Yogyakarta', '2001-05-04', ''),
(1112, 13, '1', 'Milenya Dhela Safitri', 'Yogyakarta', '2000-01-10', ''),
(1113, 13, '1', 'Ranti Dwi Pujiawati', 'Tangerang', '1999-06-22', ''),
(1114, 13, '1', 'Dwiky Erlangga Putra', 'Yogyakarta', '1998-12-21', ''),
(1115, 13, '1', 'Andreas Dion Wahyu Krismantoro', 'Yogyakarta', '1997-10-21', ''),
(1116, 13, '1', 'Valentine Novita Asthereni Putri', 'Yogyakarta', '1996-11-20', ''),
(1117, 13, '1', 'Klara Ribut Margita', 'Yogyakarta', '1996-10-16', ''),
(1118, 13, '1', 'Cathrine Vivian Daisy Oktavian', 'Yogyakarta', '1995-10-10', ''),
(1119, 13, '1', 'P. Vania Septhine Yulia A.', 'Yogyakarta', '1994-07-07', ''),
(1120, 13, '1', 'Riezky Yudha Dewanty', 'Yogyakarta', '1994-06-03', ''),
(1121, 13, '1', 'Diah Ekawati', 'Tangerang', '1993-08-25', ''),
(1122, 13, '1', 'Meta Chintia Wihari', 'Jakarta Pusat', '1992-03-23', ''),
(1123, 13, '1', 'Yogi Isworo Walasakti', 'Yogyakarta', '1991-06-10', ''),
(1124, 13, '1', 'Anggraeni,Se', 'Yogyakarta', '1989-11-13', ''),
(1125, 13, '1', 'Ganes Heru Sari', 'Yogyakarta', '1989-03-25', ''),
(1126, 13, '1', 'Aldhi Putra Pratama', 'Yogyakarta', '1989-01-10', ''),
(1127, 13, '1', 'Maria Menuk Andarwati, S.E.', 'Kulon Progo', '1988-12-20', ''),
(1128, 13, '1', 'Emmanuel Yunianto', 'Sukoharjo', '1988-06-10', ''),
(1129, 13, '1', 'Adisiswanto Antonius', 'Yogyakarta', '1987-09-25', ''),
(1130, 13, '1', 'Y. Westy Tri Maharani', 'Yogyakarta', '1984-03-19', ''),
(1131, 13, '1', 'Serafina Embun Perihastuti', 'Yogyakarta', '1983-09-09', ''),
(1132, 13, '1', 'Agustina Miono', 'Jakarta Timur', '1983-08-17', ''),
(1133, 13, '1', 'Fredy Prakoso', 'Yogyakarta', '1983-02-16', ''),
(1134, 13, '1', 'Rina Triwiningsih', 'Yogyakarta', '1982-12-31', ''),
(1135, 13, '1', 'Titus George Rahail, S.T.', 'Merauke', '1982-08-09', ''),
(1136, 13, '1', 'Fitria Setyawan', 'Yogyakarta', '1982-07-09', ''),
(1137, 13, '1', 'Apri Wantoro', 'Yogyakarta', '1982-04-06', ''),
(1138, 13, '1', 'Maria Yosephine Sri Mulyani', 'Yogyakarta', '1981-09-13', ''),
(1139, 13, '1', 'Leonardus Indrianto', 'Klaten', '1981-07-09', ''),
(1140, 13, '1', 'Heni Ikawati', 'Yogyakarta', '1980-12-17', ''),
(1141, 13, '1', 'Yosep Umbaran', 'Yogyakarta', '1980-09-14', ''),
(1142, 13, '1', 'V. Rytme Indrasuksmanastri', 'Yogyakarta', '1980-02-27', ''),
(1143, 13, '1', 'Stephanus Agus Trihartono', 'Yogyakarta', '1979-08-14', ''),
(1144, 13, '1', 'Witarti', 'Yogyakarta', '1979-06-12', ''),
(1145, 13, '1', 'Vivi Lignawati', 'Yogyakarta', '1979-03-22', ''),
(1146, 13, '1', 'Dody Erfianto', 'Yogyakarta', '1977-12-13', ''),
(1147, 13, '1', 'Widya Arie Setyaningrum', 'Surabaya', '1977-03-30', ''),
(1148, 13, '1', 'Antonius Edy Sulistyo', 'Yogyakarta', '1977-01-18', ''),
(1149, 13, '1', 'Irmina Asther Indra Dewati, S.Psi.', 'Yogyakarta', '1976-12-27', ''),
(1150, 13, '1', 'Winarni', 'Yogyakarta', '1976-11-01', ''),
(1151, 13, '1', 'Mila Sari Dewi Andoko', 'Yogyakarta', '1975-05-23', ''),
(1152, 13, '1', 'Joseph Hendy Aprianto', 'Tasikmalaya', '1974-03-20', ''),
(1153, 13, '1', 'Robertus Dicky Kurniawan', 'Metro', '1974-02-09', ''),
(1154, 13, '1', 'A. Ariyani', 'Yogyakarta', '1971-09-15', ''),
(1155, 13, '1', 'Slamet Riyadi', 'Sleman', '1971-05-29', ''),
(1156, 13, '1', 'Waskito. Se', 'Yogyakarta', '1971-05-19', ''),
(1157, 13, '1', 'Dwi Harjanto Johanes Kanisius', 'Yogyakarta', '1970-10-11', ''),
(1158, 13, '1', 'Angela Dwi Esa Pratiwi', 'Sleman', '1970-05-27', ''),
(1159, 13, '1', 'Alexander Arijanto', 'Yogyakarta', '1969-02-26', ''),
(1160, 13, '1', 'Juju Juaenah', 'Subang', '1968-11-23', ''),
(1161, 13, '1', 'Hendro Waluyo', 'Yogyakarta', '1968-02-06', ''),
(1162, 13, '1', 'Udi Lestari', 'Yogyakarta', '1967-08-16', ''),
(1163, 13, '1', 'Suharyanto', 'Yogyakarta', '1966-09-01', ''),
(1164, 13, '1', 'Sonny Handaka Prabowo', 'Yogyakarta', '1966-07-15', ''),
(1165, 13, '1', 'Winarti', 'Yogyakarta', '1965-03-06', ''),
(1166, 13, '1', 'Sarjinem Rg', 'Yogyakarta', '1959-10-11', ''),
(1167, 13, '1', 'Ngadirah', 'Yogyakarta', '1959-04-06', ''),
(1168, 13, '1', 'Henny Pujiastuti', 'Yogyakarta', '1959-03-14', ''),
(1169, 13, '1', 'Y. Kus Budiyono', 'Yogyakarta', '1958-11-21', ''),
(1170, 13, '1', 'Worosih Rejuwati Y.', 'Purworejo', '1955-08-18', ''),
(1171, 13, '1', 'Otong Setiawan', 'Yogyakarta', '1955-07-15', ''),
(1172, 13, '1', 'Kho Bing Ngoek', 'Yogyakarta', '1955-06-03', ''),
(1173, 13, '1', 'B.Budi Suwarni', 'Yogyakarta', '1955-02-13', ''),
(1174, 14, '1', 'Damai Mukti', 'Yogyakarta', '2006-08-23', ''),
(1175, 14, '1', 'Ajeng Lintang Permadani', 'Yogyakarta', '2006-02-23', ''),
(1176, 14, '1', 'Damario Delvin Nugraha', 'Yogyakarta', '2005-12-12', ''),
(1177, 14, '1', 'Ario Krisna Yudiantoro', 'Yogyakarta', '2005-09-26', ''),
(1178, 14, '1', 'Natania Reza Nugraha', 'Yogyakarta', '2004-12-26', ''),
(1179, 14, '1', 'Abel Nugroho', 'Yogyakarta', '2004-01-04', ''),
(1180, 14, '1', 'Evelyn Callista Ezra Nugraha', 'Yogyakarta', '2003-07-05', ''),
(1181, 14, '1', 'Marisa Adina Septia', 'Yogyakarta', '2003-07-04', ''),
(1182, 14, '1', 'Winih Wening Hening', 'Yogyakarta', '2003-05-28', ''),
(1183, 14, '1', 'Angga Krisna Yudanto', 'Yogyakarta', '2001-12-23', ''),
(1184, 14, '1', 'Adimas Visi Pratama', 'Yogyakarta', '2001-12-05', ''),
(1185, 14, '1', 'Ajeng Galuh Dewanti', 'Yogyakarta', '2001-11-04', ''),
(1186, 14, '1', 'Gagries Galih Wicaksana', 'Yogyakarta', '2001-02-23', ''),
(1187, 14, '1', 'Anisa Mahanani', 'Yogyakarta', '2000-04-09', ''),
(1188, 14, '1', 'Oktavia Kurniadaputri', 'Yogyakarta', '1998-10-09', ''),
(1189, 14, '1', 'Agung Yudhistira', 'Yogyakarta', '1996-09-08', ''),
(1190, 14, '1', 'Ferra Ferlynia', 'Yogyakarta', '1996-04-22', ''),
(1191, 14, '1', 'Kuntidharma Monika', 'Yogyakarta', '1994-09-03', ''),
(1192, 14, '1', 'Hoyi Dharmarani', 'Yogyakarta', '1992-03-14', ''),
(1193, 14, '1', 'Donny Nugroho', 'Yogyakarta', '1990-07-18', ''),
(1194, 14, '1', 'Dio Padmadharma', 'Yogyakarta', '1989-11-23', ''),
(1195, 14, '1', 'Ervita Br Purba', 'Yogyakarta', '1988-01-01', ''),
(1196, 14, '1', 'Dyah Ekasari S.Sos', 'Yogyakarta', '1985-05-23', ''),
(1197, 14, '1', 'Ave Riono', 'Yogyakarta', '1981-05-22', ''),
(1198, 14, '1', 'Ardiyati S.Pd', 'Yogyakarta', '1980-05-24', ''),
(1199, 14, '1', 'Apriani Catur P', 'Yogyakarta', '1980-04-02', ''),
(1200, 14, '1', 'Winarni Ekaningsih', 'Sekadau, Kalimantan Barat', '1980-01-15', ''),
(1201, 14, '1', 'Widyatmoko', 'Yogyakarta', '1979-11-26', ''),
(1202, 14, '1', 'Sri Harjanti', 'Yogyakarta', '1976-10-21', ''),
(1203, 14, '1', 'Adi Nurwidiyanto', 'Jakarta', '1976-01-27', ''),
(1204, 14, '1', 'Widyanti Kurniawati', 'Yogyakarta', '1975-11-28', ''),
(1205, 14, '1', 'Susilowati', 'Yogyakarta', '1975-10-18', ''),
(1206, 14, '1', 'Eko Nugroho Budihantoro', 'Yogyakarta', '1974-10-17', ''),
(1207, 14, '1', 'Windrawati Irya Harjati', 'Jayapura', '1974-04-08', ''),
(1208, 14, '1', 'Widiarso', 'Yogyakarta', '1973-04-14', ''),
(1209, 14, '1', 'Rini', 'Yogyakarta', '1973-01-23', ''),
(1210, 14, '1', 'Tri Siti Lestari', 'Yogyakarta', '1972-11-16', ''),
(1211, 14, '1', 'Lasido Feriyanto', 'Semarang', '1972-08-15', ''),
(1212, 14, '1', 'Triwulan Kurniawati', 'Yogyakarta', '1972-03-25', ''),
(1213, 14, '1', 'Purwoko', 'Banyuwangi', '1971-08-10', ''),
(1214, 14, '1', 'Sukarsih', 'Yogyakarta', '1971-05-25', ''),
(1215, 14, '1', 'Pulung Trisnugroho', 'Yogyakarta', '1968-07-05', ''),
(1216, 14, '1', 'Lela Krisnadi', 'Yogyakarta', '1967-07-23', ''),
(1217, 14, '1', 'Sri Suwarti', 'Bouolali', '1967-03-08', ''),
(1218, 14, '1', 'Sri Muryati', 'Yogyakarta', '1965-01-14', ''),
(1219, 14, '1', 'Ani Sumiarti', 'Yogyakarta', '1963-01-02', ''),
(1220, 14, '1', 'Budiwiyati', 'Yogyakarta', '1961-02-23', ''),
(1221, 14, '1', 'Muryani', 'Yogyakarta', '1961-02-17', ''),
(1222, 14, '1', 'Herryanto', 'Yogyakarta', '1960-09-07', ''),
(1223, 14, '1', 'Beny Agung', 'Yogyakarta', '1960-07-13', ''),
(1224, 14, '1', 'Sudharmono Hadi', 'Surakarta', '1960-04-08', ''),
(1225, 14, '1', 'Suraji', 'Yogyakarta', '1959-12-28', ''),
(1226, 14, '1', 'Tumi Sri Mursilaningsih', 'Yogyakarta', '1959-05-08', ''),
(1227, 14, '1', 'Tjoe Lanny Kusumawati', 'Malang', '1959-04-10', ''),
(1228, 14, '1', 'Sri Mardirahayu', 'Yogyakarta', '1959-01-05', ''),
(1229, 14, '1', 'Suwiyati', 'Brebes', '1958-01-06', ''),
(1230, 14, '1', 'Mujiyono', 'Yogyakarta', '1957-12-06', ''),
(1231, 14, '1', 'Liauw Denny Saputra', 'Yogyakarta', '1956-09-22', ''),
(1232, 14, '1', 'Budi Sulastri', 'Yogyakarta', '1956-06-13', ''),
(1233, 14, '1', 'Lioe Yek Fong', 'Yogyakarta', '1956-02-25', ''),
(1234, 15, '1', 'Mauritio Rafael Putra H', 'Karanganyar', '2010-03-05', ''),
(1235, 15, '1', 'Gagas Ilalang Bumi', 'Yogyakarta', '2009-06-12', ''),
(1236, 15, '1', 'Mikhael Risang Timur Wicaksana', 'Yogyakarta', '2009-05-04', ''),
(1237, 15, '1', 'Basilius Benito Eloy', 'Sleman', '2009-01-28', ''),
(1238, 15, '1', 'Nicholas Andrean Riski Putra Pratama', 'Yogyakarta', '2008-10-25', ''),
(1239, 15, '1', 'Amaranggana', 'Sleman', '2008-08-24', ''),
(1240, 15, '1', 'Stevanus Arka Putra Dwitama', 'Yogyakarta', '2008-03-16', ''),
(1241, 15, '1', 'Yessanera Irianto', 'Yogyakarta', '2007-06-03', ''),
(1242, 15, '1', 'Y, Dhesta Christian Jatmika', 'Yogyakarta', '2006-12-14', ''),
(1243, 15, '1', 'Axel Davinson Karyadi', 'Yogyakarta', '2006-12-06', ''),
(1244, 15, '1', 'Angelina Risang Krisma Pinastika', 'Yogyakarta', '2006-08-27', ''),
(1245, 15, '1', 'Jessica Juwita Dirgahayu', 'Semarang', '2006-06-08', ''),
(1246, 15, '1', 'Maria Naftaleta Putri H', 'Surakarta', '2005-11-16', ''),
(1247, 15, '1', 'Aemilia Maretta Cinta Adisty', 'Yogyakarta', '2004-03-22', ''),
(1248, 15, '1', 'Elwapatmi Dewi', 'Yogyakarta', '2003-05-13', ''),
(1249, 15, '1', 'Amadia Sekar Hairani', 'Yogyakarta', '2003-03-26', ''),
(1250, 15, '1', 'Yuanita Ayu Hermayanti', 'Yogyakarta', '2002-06-04', ''),
(1251, 15, '1', 'Aulia Lintang Herningtyas', 'Yogyakarta', '2002-02-12', ''),
(1252, 15, '1', 'Selita Dewi', 'Yogyakarta', '2001-12-31', ''),
(1253, 15, '1', 'Andrean Wendy Tarigansilangit', 'Yogyakarta', '2001-05-22', ''),
(1254, 15, '1', 'Danel Defabriano Dirgahayu', 'Bantul', '2001-02-07', ''),
(1255, 15, '1', 'Roselina Risang Sekar Limbang', 'Yogyakarta', '1999-03-25', ''),
(1256, 15, '1', 'Nugroho Pamungkas', 'Yogyakarta', '1998-05-06', ''),
(1257, 15, '1', 'Elisabeth Risang Puri Larasati', 'Yogyakarta', '1997-07-06', ''),
(1258, 15, '1', 'Renata Dyah Kartikakusuma T', 'Yogyakarta', '1997-04-17', ''),
(1259, 15, '1', 'Tri Hastuti Halimah', 'Kulon Progo', '1996-08-02', ''),
(1260, 15, '1', 'Theresia Seke Dian Pedo Da Costa', 'Yogyakarta', '1995-10-14', ''),
(1261, 15, '1', 'Sri Widayanti', 'Yogyakarta', '1995-07-13', ''),
(1262, 15, '1', 'Topan Herpito', 'Yogyakarta', '1994-12-14', ''),
(1263, 15, '1', 'Yosanika Star Viri', 'Surabaya', '1994-08-26', ''),
(1264, 15, '1', 'Radityo Krishartanto', 'Yogyakarta', '1994-03-13', ''),
(1265, 15, '1', 'Jessica Valencia', 'Yogyakarta', '1992-02-16', ''),
(1266, 15, '1', 'Kurniawati', 'Yogyakarta', '1991-11-07', ''),
(1267, 15, '1', 'Lukas Firmantoyo', 'Yogyakarta', '1991-10-31', ''),
(1268, 15, '1', 'Risa Swastika Astari', 'Surabaya', '1991-05-06', ''),
(1269, 15, '1', 'Antonius Andro Anarko', 'Yogyakarta', '1991-04-21', ''),
(1270, 15, '1', 'Paulus Tri Nugroho Putro', 'Wonogiri', '1990-09-09', ''),
(1271, 15, '1', 'Benny Pudyastanto', 'Yogyakarta', '1990-07-09', ''),
(1272, 15, '1', 'Dini Laras', 'Bogor', '1988-09-17', ''),
(1273, 15, '1', 'Maria Restiriani Sari, Se', 'Yogyakarta', '1988-06-23', ''),
(1274, 15, '1', 'Arisetiadi Wibowo', 'Surabaya', '1987-11-16', ''),
(1275, 15, '1', 'Anastasia Anita Isadila', 'Klaten', '1987-05-03', ''),
(1276, 15, '1', 'Magdalena Marhaeni', 'Yogyakarta', '1987-01-19', ''),
(1277, 15, '1', 'Robert Abad Duantariksa', 'Yogyakarta', '1986-07-27', ''),
(1278, 15, '1', 'Antonius Bambang Sutrisno', 'Klaten', '1985-12-22', ''),
(1279, 15, '1', 'Woro Sulastyaningtyas', 'Jakarta Timur', '1985-10-22', ''),
(1280, 15, '1', 'Theodora Uly Kusuma Puspitasari', 'Yogyakarta', '1985-09-10', ''),
(1281, 15, '1', 'Deny Tri Adianto', 'Yogyakarta', '1983-12-13', ''),
(1282, 15, '1', 'Augustina Cynthia Kirana Putri', 'Yogyakarta', '1983-08-31', ''),
(1283, 15, '1', 'Jul Robert Sinaga', 'Medan', '1983-07-30', ''),
(1284, 15, '1', 'Adam Pamuji', 'Purworejo', '1983-06-03', ''),
(1285, 15, '1', 'Heru Gunawan', 'Yogyakarta', '1983-04-09', ''),
(1286, 15, '1', 'Asti Tri Febri Hapsari', 'Purworejo', '1983-02-24', ''),
(1287, 15, '1', 'Piet Yoga Setiawan', 'Tanjung Pinang', '1981-12-10', ''),
(1288, 15, '1', 'Supriyanti', 'Sleman', '1981-10-09', ''),
(1289, 15, '1', 'Andri', 'Kotabumi', '1981-09-06', ''),
(1290, 15, '1', 'Gregorius Widi Prasetyo Nugroho', 'Surakarta', '1981-04-24', ''),
(1291, 15, '1', 'Endang Kurniawati Suprihatin', 'Yogyakarta', '1981-04-17', ''),
(1292, 15, '1', 'Silvia Purwanti', 'Yogyakarta', '1981-04-09', ''),
(1293, 15, '1', 'Maria Magdalena Eka Rahayu', 'Semarang', '1981-03-21', ''),
(1294, 15, '1', 'Sigit Hermawan', 'Yogyakarta', '1980-03-20', ''),
(1295, 15, '1', 'Putra Dewa Poernomo', 'Yogyakarta', '1979-06-17', ''),
(1296, 15, '1', 'Eny Purwaningsih', 'Sleman', '1978-12-01', ''),
(1297, 15, '1', 'Markus Sidowaluyo', 'Temanggung', '1978-10-07', ''),
(1298, 15, '1', 'Arry Retnowati', 'Yogyakarta', '1978-07-16', ''),
(1299, 15, '1', 'Anastasia Maya Safira', 'Yogyakarta', '1978-06-07', ''),
(1300, 15, '1', 'Budiarso Yoga Prakosa', 'Yogyakarta', '1978-03-15', ''),
(1301, 15, '1', 'Yoseph Novijatmika', 'Yogyakarta', '1977-11-14', ''),
(1302, 15, '1', 'Anastasia Mulyani Sutedjo', 'Yogyakarta', '1976-11-29', ''),
(1303, 15, '1', 'Rita Nur Hidayati', 'Karanganyar', '1976-10-03', ''),
(1304, 15, '1', 'Jani Teriyana', 'Yogyakarta', '1976-08-10', ''),
(1305, 15, '1', 'Y. Hermawan Trinugraha, Ma', 'Yogyakarta', '1976-06-27', ''),
(1306, 15, '1', 'Hernaman Tandianto', 'Yogyakarta', '1976-06-07', ''),
(1307, 15, '1', 'Yustina Devi Ardhiani, M.Hum.', 'Sleman', '1976-03-12', ''),
(1308, 15, '1', 'Yohanes Haryadi', 'Yogyakarta', '1975-02-15', ''),
(1309, 15, '1', 'Daniel Toni Ariyanto', 'Yogyakarta', '1974-11-18', ''),
(1310, 15, '1', 'Andy Erawan', 'Jakarta Timur', '1974-10-29', ''),
(1311, 15, '1', 'Andreas Priantoro', 'Jakarta Pusat', '1974-04-04', ''),
(1312, 15, '1', 'Enny Hernawati', 'Yogyakarta', '1973-07-02', ''),
(1313, 15, '1', 'Sugihartono', 'Yogyakarta', '1973-06-04', ''),
(1314, 15, '1', 'Dominikus Suklema', 'Bogor', '1973-02-24', ''),
(1315, 15, '1', 'Hendrika Diahningrum', 'Jakarta', '1973-02-04', ''),
(1316, 15, '1', 'Agus Sudaryanto', 'Yogyakarta', '1972-08-15', ''),
(1317, 15, '1', 'Theresia Ari Prastiwi', 'Yogyakarta', '1971-11-06', ''),
(1318, 15, '1', 'Sigit Pratewangkoro', 'Tanjung Karang', '1971-10-26', ''),
(1319, 15, '1', 'Elisabet Nirma', 'Manggarai', '1971-09-10', ''),
(1320, 15, '1', 'Maria Patricia Ivonie Misen', 'Maumere', '1971-06-16', ''),
(1321, 15, '1', 'Onesiamus Julianus Sega', 'Sikka', '1971-02-16', ''),
(1322, 15, '1', 'Hernanto Tandianto', 'Yogyakarta', '1970-12-04', ''),
(1323, 15, '1', 'Rinera Prajuwati', 'Yogyakarta', '1970-10-04', ''),
(1324, 15, '1', 'Elizabeth Oktavira Hendriawati', 'Jakarta Pusat', '1970-10-01', ''),
(1325, 15, '1', 'Moelyono', 'Yogyakarta', '1969-05-22', ''),
(1326, 15, '1', 'Ersita Karya Ixiantoro', 'Yogyakarta', '1968-11-25', ''),
(1327, 15, '1', 'Puri Wahyundari', 'Klaten', '1968-10-19', ''),
(1328, 15, '1', 'Tri Winarni', 'Yogyakarta', '1968-08-10', ''),
(1329, 15, '1', 'Sudi Pamekas Ign.', 'Yogyakarta', '1968-01-05', ''),
(1330, 15, '1', 'Joko Sigit Sugiharto', 'Yogyakarta', '1967-12-01', ''),
(1331, 15, '1', 'Paulus Kuat Prayogo', 'Yogyakarta', '1967-03-19', ''),
(1332, 15, '1', 'Clara Prastiyanti', 'Yogyakarta', '1966-12-20', ''),
(1333, 15, '1', 'Rita Tanubrata', 'Garut', '1966-06-25', ''),
(1334, 15, '1', 'Mahgiyarti', 'Curup', '1965-05-27', ''),
(1335, 15, '1', 'Heri Setya C', 'Yogyakarta', '1965-04-21', ''),
(1336, 15, '1', 'Edy Sarwono', 'Yogyakarta', '1964-11-04', ''),
(1337, 15, '1', 'Yohanes Prasojo', 'Yogyakarta', '1964-09-30', ''),
(1338, 15, '1', 'Anik Setya Kustiningsih', 'Yogyakarta', '1964-08-01', ''),
(1339, 15, '1', 'Raymond Marcel Karyadi', 'Ujung Pandang', '1964-06-18', ''),
(1340, 15, '1', 'Aloisius Sumarwanto', 'Yogyakarta', '1964-06-05', ''),
(1341, 15, '1', 'Mujiono Lukas', 'Yogyakarta', '1962-10-15', ''),
(1342, 15, '1', 'Agnes C. Kuswandani', 'Yogyakarta', '1962-09-15', ''),
(1343, 15, '1', 'Haryanti', 'Yogyakarta', '1962-05-18', ''),
(1344, 15, '1', 'Irianto', 'Yogyakarta', '1962-03-23', ''),
(1345, 15, '1', 'Sugiyarti Veronica', 'Yogyakarta', '1961-08-29', ''),
(1346, 15, '1', 'Retno Wuryaningrum', 'Surabaya', '1961-04-06', ''),
(1347, 15, '1', 'Enny Setya Parjiningsih', 'Yogyakarta', '1961-03-29', ''),
(1348, 15, '1', 'Antonius Prastiyanto', 'Jakarta Timur', '1961-03-14', ''),
(1349, 15, '1', 'Sulastri', 'Sumenep', '1960-03-07', ''),
(1350, 15, '1', 'Veronika Syuryandari', 'Yogyakarta', '1959-07-07', ''),
(1351, 15, '1', 'Marcelina Sri Endarwati, Dra.', 'Bantul', '1958-10-10', ''),
(1352, 15, '1', 'Maria Elisabeth Mardiningsih', 'Yogyakarta', '1958-08-08', ''),
(1353, 15, '1', 'Sri Pudyastuti', 'Solo', '1958-08-06', ''),
(1354, 15, '1', 'Marcus Prasetyo Sutedjo', 'Yogyakarta', '1958-05-04', ''),
(1355, 15, '1', 'Yacobus Suryanto', 'Yogyakarta', '1958-05-01', ''),
(1356, 15, '1', 'Sigit Hutomo', 'Yogyakarta', '1957-11-24', ''),
(1357, 15, '1', 'Wiwiek Indrayani', 'Bogor', '1957-08-25', ''),
(1358, 15, '1', 'Cornelius Hendro Anindito', 'Jember', '1957-05-05', ''),
(1359, 15, '1', 'Supardi', 'Yogyakarta', '1956-03-10', ''),
(1360, 15, '1', 'Iria Sayekti', 'Yogyakarta', '1955-08-18', ''),
(1361, 15, '1', 'Fx. Dwi Inawati', 'Yogyakarta', '1955-06-22', ''),
(1362, 15, '1', 'Tukirah Trisno Sumarto', 'Yogyakarta', '1955-03-05', ''),
(1363, 16, '1', 'Vilio Widy Talenta', 'Semarang', '2009-05-29', ''),
(1364, 16, '1', 'Kevio Arman Syah Putra', 'Yogyakarta', '2009-04-24', ''),
(1365, 16, '1', 'Marrisa Kumala Cahyaningtyas', 'Yogyakarta', '2008-08-06', ''),
(1366, 16, '1', 'Hera Josephine', 'Bina Bumi', '2008-08-03', ''),
(1367, 16, '1', 'Elsa Maylinda', 'Yogyakarta', '2008-04-30', ''),
(1368, 16, '1', 'Irwan Quari Bumi Warta', 'Yogyakarta', '2008-01-29', ''),
(1369, 16, '1', 'Sonta Kyo Nadara', 'Yogyakarta', '2007-09-11', ''),
(1370, 16, '1', 'Ganesha Bayu Ayodya', 'Yogyakarta', '2007-07-12', ''),
(1371, 16, '1', 'Alfina Tirta Kasih', 'Yogyakarta', '2006-04-13', ''),
(1372, 16, '1', 'Estha Widyasari', 'Yogyakarta', '2004-12-31', ''),
(1373, 16, '1', 'Ivan Kristianto', 'Bekasi', '2004-12-17', ''),
(1374, 16, '1', 'Noventia Angelia', 'Yogyakarta', '2004-11-24', ''),
(1375, 16, '1', 'Cahyo Julyastanto', 'Yogyakarta', '2004-07-07', ''),
(1376, 16, '1', 'Natalika Sekar Hayuningtyas', 'Yogyakarta', '2003-12-23', ''),
(1377, 16, '1', 'Reka Putri Pangesti', 'Yogyakarata', '2003-05-17', ''),
(1378, 16, '1', 'Ajeng Larasati', 'Bina Bumi', '2002-11-07', ''),
(1379, 16, '1', 'Alvin Lukman Vardhana', 'Yogyakarta', '2002-09-14', ''),
(1380, 16, '1', 'Raditya Reyhan', 'Sleman', '2001-12-30', ''),
(1381, 16, '1', 'Aldiora Govind Putraori', 'Yogyakarta', '2001-12-19', ''),
(1382, 16, '1', 'Alvio Sulistyo', 'Yogyakarta', '2001-08-02', ''),
(1383, 16, '1', 'Pramudya Dyan Kristianto', 'Sleman', '1999-04-28', ''),
(1384, 16, '1', 'Oktaviani Putri', 'Bekasi', '1997-10-23', ''),
(1385, 16, '1', 'Nobella', 'Samarinda', '1996-12-30', ''),
(1386, 16, '1', 'Dinda Kusworo Dewi', 'Yogyakarta', '1996-10-15', ''),
(1387, 16, '1', 'Praditya Aji Krisnawan', 'Sleman', '1996-07-05', ''),
(1388, 16, '1', 'Indah Nawangsari', 'Yogyakarta', '1996-06-19', ''),
(1389, 16, '1', 'Kartiko Bimo Laksono', 'Yogyakarta', '1995-10-11', ''),
(1390, 16, '1', 'Adi Mulyana', 'Jakarta', '1995-08-22', ''),
(1391, 16, '1', 'Esta Pranowo Jati', 'Sleman', '1995-03-24', ''),
(1392, 16, '1', 'Vicko Gerdiawan Adrianto', 'Yogyakarta', '1994-08-25', ''),
(1393, 16, '1', 'Danangjaya Haryo Kurnianto', 'Yogyakarta', '1993-03-17', ''),
(1394, 16, '1', 'Hepi Kristanti', 'Yogyakarta', '1993-02-24', ''),
(1395, 16, '1', 'Almashinta', 'Yogyakarta', '1992-11-24', ''),
(1396, 16, '1', 'Septi Wahyuningsih', 'Yogyakarta', '1992-09-03', ''),
(1397, 16, '1', 'Ori Vidiarto', 'Yogyakarta', '1992-08-31', ''),
(1398, 16, '1', 'Budy Barcelona', 'Sungailiat', '1992-08-02', ''),
(1399, 16, '1', 'Estu Nugroho Jati', 'Sleman', '1992-04-20', ''),
(1400, 16, '1', 'Senoadi', 'Samarinda', '1991-06-24', ''),
(1401, 16, '1', 'Ajenk Budi Astuty', 'Yogyakarta', '1989-04-12', ''),
(1402, 16, '1', 'Niken Herawatie', 'Tanjung Karang', '1986-07-09', ''),
(1403, 16, '1', 'Kiki Hariyanti', 'Semarang', '1986-02-08', ''),
(1404, 16, '1', 'Argo Baroto', 'Yogyakarta', '1985-06-17', ''),
(1405, 16, '1', 'Ayuk Budiantari', 'Yogyakarta', '1985-06-06', ''),
(1406, 16, '1', 'Budi Sumargono', 'Gaya Baru', '1985-05-05', ''),
(1407, 16, '1', 'Agung Prasetyo Bhekti Utomo', 'Yogyakarta', '1983-06-07', ''),
(1408, 16, '1', 'Sakti Joko Nugroho', 'Yogyakarta', '1982-04-17', ''),
(1409, 16, '1', 'Astri Bastari', 'Yogyakarta', '1982-03-23', ''),
(1410, 16, '1', 'Tiyas Farmasari', 'Yogyakarta', '1981-10-08', ''),
(1411, 16, '1', 'Catur Ari Listyaningsih', 'Yogyakarta', '1981-01-15', ''),
(1412, 16, '1', 'Catur Wasono', 'Yogyakarta', '1980-09-24', ''),
(1413, 16, '1', 'Deny Eko Utomo', 'Yogyakarta', '1980-09-13', ''),
(1414, 16, '1', 'Wismiati Intaningsih', 'Yogyakarta', '1979-12-18', ''),
(1415, 16, '1', 'Ario Basworo', 'Yogyakarta', '1979-10-08', ''),
(1416, 16, '1', 'Dian Anggreini', 'Yogyakarta', '1979-05-08', ''),
(1417, 16, '1', 'Anom Priyo Handoko', 'Yogyakarta', '1978-07-14', ''),
(1418, 16, '1', 'Widi Nurpanca', 'Yogyakarta', '1978-05-22', ''),
(1419, 16, '1', 'Suharwanto', 'Boyolali', '1978-02-17', ''),
(1420, 16, '1', 'Tri Handoko', 'Yogyakarta', '1977-12-29', ''),
(1421, 16, '1', 'Sulistyowati', 'Metro', '1977-10-08', ''),
(1422, 16, '1', 'Widyaningsih', 'Unknown', '1977-10-05', ''),
(1423, 16, '1', 'Retno Ismawati', 'Yogyakarta', '1977-08-17', ''),
(1424, 16, '1', 'Apri Astuti', 'Yogyakarta', '1977-04-15', ''),
(1425, 16, '1', 'Dian Afrianto', 'Yogyakarta', '1977-04-06', ''),
(1426, 16, '1', 'Eko Suspriyatiningsih', 'Semarang', '1976-05-03', ''),
(1427, 16, '1', 'Awang Baskoro', 'Yogyakarta', '1975-12-12', ''),
(1428, 16, '1', 'Sri Wahyuni', 'Sleman', '1975-08-27', ''),
(1429, 16, '1', 'Winarno', 'Yogyakarta', '1974-08-28', ''),
(1430, 16, '1', 'Agung Sulistyo Nugroho', 'Yogyakarta', '1974-01-14', ''),
(1431, 16, '1', 'Soewasti', 'Yogyakarta', '1972-08-26', ''),
(1432, 16, '1', 'Noviana Hendriastuti', 'Jakarta', '1971-11-01', ''),
(1433, 16, '1', 'Wuryaningsih', 'Yogyakarta', '1971-10-24', ''),
(1434, 16, '1', 'Yustianus Dody Witjaksono', 'Yogyakarta', '1971-09-14', ''),
(1435, 16, '1', 'Umi Saptanti', 'Yogyakarta', '1971-01-25', ''),
(1436, 16, '1', 'Kuswinarni', 'Yogyakarta', '1969-12-25', ''),
(1437, 16, '1', 'Heri Susanto', 'Yogyakarta', '1968-03-11', ''),
(1438, 16, '1', 'Hari Utami', 'Yogyakarta', '1968-02-24', ''),
(1439, 16, '1', 'Rujiati', 'Yogyakarta', '1967-11-22', ''),
(1440, 16, '1', 'Sumarwatik', 'Yogyakarta', '1967-10-27', ''),
(1441, 16, '1', 'Sungkowo Harjono', 'Yogyakarta', '1965-09-17', ''),
(1442, 16, '1', 'Kurniasih Pinasti', 'Klaten', '1965-07-28', ''),
(1443, 16, '1', 'Indriyani', 'Yogyakarta', '1965-07-21', ''),
(1444, 16, '1', 'John Hartoyono', 'Yogyakarta', '1965-03-05', ''),
(1445, 16, '1', 'Wijayadi', 'Purworejo', '1965-01-15', ''),
(1446, 16, '1', 'Mujinem', 'Yogyakarta', '1964-10-05', ''),
(1447, 16, '1', 'Endro Susanto', 'Kebumen', '1964-08-20', ''),
(1448, 16, '1', 'Surata Budi Santoso', 'Yogyakarata', '1964-06-05', ''),
(1449, 16, '1', 'Didik Irianto', 'Yogyakarta', '1963-05-05', ''),
(1450, 16, '1', 'Linna Wijayanti', 'Yogyakarta', '1962-12-15', ''),
(1451, 16, '1', 'Budi Utomo', 'Banyuwangi', '1962-07-12', ''),
(1452, 16, '1', 'Niken Sri Rini Kuncari', 'Yogyakarta', '1962-07-10', ''),
(1453, 16, '1', 'Pertiwi', 'Yogyakarta', '1961-12-12', ''),
(1454, 16, '1', 'Yoyok Kasih', 'Ambarawa', '1961-04-14', ''),
(1455, 16, '1', 'Erna Indrawati', 'Yogyakarta', '1961-01-01', ''),
(1456, 16, '1', 'Edwina Ruth Taniowas', 'Kediri', '1960-09-11', ''),
(1457, 16, '1', 'Sulistiyah', 'Yogyakarta', '1959-07-23', ''),
(1458, 16, '1', 'Lani Yulian', 'Jakarta', '1959-03-23', ''),
(1459, 16, '1', 'Surajiman', 'Yogyakarta', '1958-08-06', ''),
(1460, 16, '1', 'Rusmini', 'Yogyakarta', '1957-06-11', ''),
(1461, 16, '1', 'Naniek Rohani', 'Yogyakarta', '1956-08-06', ''),
(1462, 16, '1', 'Suwalkidah', 'Yogyakarta', '1956-07-02', ''),
(1463, 16, '1', 'Asti Surastini', 'Yogyakarta', '1956-05-17', ''),
(1464, 16, '1', 'Edy Soeprapto Budy Susetyo', 'Ponorogo', '1954-09-07', ''),
(1465, 17, '1', 'Mikaela Edita Salesia Hardi', 'Yogyakarta', '2006-02-03', ''),
(1466, 17, '1', 'Domenico Dwantara L', 'Yogyakarta', '2003-08-12', ''),
(1467, 17, '1', 'Florentius Yogiswara Adinugraha Pramudita', 'Yogyakarta', '1999-10-16', ''),
(1468, 17, '1', 'Maria Gracia Amara Pawitra', 'Yogyakarta', '1999-08-25', ''),
(1469, 17, '1', 'Klara Kanya Adi Paramita', 'Yogyakarta', '1998-10-05', ''),
(1470, 17, '1', 'Christina Bella Maharani', 'Yogyakarta', '1994-09-24', '');
INSERT INTO `umat` (`umat_id`, `lingkungan_id`, `paroki_id`, `nama`, `tempat_lahir`, `tanggal_lahir`, `nik`) VALUES
(1471, 17, '1', 'Raden Rara Clara Katamsi', 'Yogyakarta', '1990-07-06', ''),
(1472, 17, '1', 'Stephanus Hardyanto', 'Yogyakarta', '1977-09-26', ''),
(1473, 17, '1', 'Johana Sri Kuntarti', 'Yogyakarta', '1971-05-15', ''),
(1474, 17, '1', 'Emilia Dyah Adhitya Wikantyasih', 'Yogyakarta', '1970-05-21', ''),
(1475, 17, '1', 'Maria Laksmi Anantasari', 'Yogyakarta', '1969-08-05', ''),
(1476, 17, '1', 'Leonardus Budi Anggono', 'Yogyakarta', '1969-08-01', ''),
(1477, 17, '1', 'Marcus Octavianus Susetyo', 'Yogyakarta', '1968-10-19', ''),
(1478, 17, '1', 'Nuci Ismariani Purnamasari', 'Yogyakarta', '1968-09-05', ''),
(1479, 17, '1', 'Yovita Hardiwati', 'Yogyakarta', '1968-07-14', ''),
(1480, 17, '1', 'Yustina Lilia Nuryani', 'Cimahi', '1964-09-30', ''),
(1481, 17, '1', 'Ignatia Purwati', 'Yogyakarta', '1964-07-31', ''),
(1482, 17, '1', 'Hari Yulianto', 'Y', '1961-07-16', ''),
(1483, 18, '1', 'Vransiska Valensia Roselin', 'Yogyakarta', '2009-06-19', ''),
(1484, 18, '1', 'Venantius Jordan Almeiro', 'Yogyakarta', '2009-05-17', ''),
(1485, 18, '1', 'Aghata Valerina Rosiwani', 'Sleman', '2007-07-07', ''),
(1486, 18, '1', 'Alexander Nico Ferdinan', 'Yogyakarta', '2007-05-13', ''),
(1487, 18, '1', 'R. Roger Krisna Mahardhika', 'Yogyakarta', '2005-08-17', ''),
(1488, 18, '1', 'Andrey Satrio Pramono', 'Yogyakarta', '2005-03-01', ''),
(1489, 18, '1', 'Gregorius Yordan Haryanto', 'Yogyakarta', '2004-10-20', ''),
(1490, 18, '1', 'Bonifasius Jovanarko Elgatama', 'Sleman', '2003-06-27', ''),
(1491, 18, '1', 'Melani Rosalina', 'Yogyakarta', '2003-05-25', ''),
(1492, 18, '1', 'Ambrosius Bowo Laksono', 'Yogyakarta', '2003-04-12', ''),
(1493, 18, '1', 'Aleksander Errangga Sevano Benito', 'Yogyakarta', '2002-05-28', ''),
(1494, 18, '1', 'P.K. Roland Wijaya Simanjuntak', 'Yogyakarta', '1999-12-20', ''),
(1495, 18, '1', 'P.K. Karel Wijaya Simanjuntak', 'Yogyakarta', '1999-12-20', ''),
(1496, 18, '1', 'Franca Adelia Irmadita', 'Yogyakarta', '1998-09-28', ''),
(1497, 18, '1', 'Alvan Deny Wijaya', 'Yogyakarta', '1998-05-06', ''),
(1498, 18, '1', 'Theresa Corina Arvi Batisa', 'Kediri', '1997-09-16', ''),
(1499, 18, '1', 'Theresia Amelia Jordana', 'Yogyakarta', '1997-08-09', ''),
(1500, 18, '1', 'Fabiola Devina Elgatami', 'Sleman', '1997-02-27', ''),
(1501, 18, '1', 'Gabriela Ajeng Indrayani', 'Yogyakarta', '1997-02-21', ''),
(1502, 18, '1', 'P. Bagas Wibisono', 'Yogyakarta', '1995-11-04', ''),
(1503, 18, '1', 'Alvin Wijaya', 'Yogyakarta', '1995-04-26', ''),
(1504, 18, '1', 'St. Irawan Setyo Nugroho', 'Yogyakarta', '1992-04-26', ''),
(1505, 18, '1', 'Michael Arnold Geysbert Lasut', 'Yogyakarta', '1990-11-07', ''),
(1506, 18, '1', 'Laurentina Dyah Pratiwi', 'Yogyakarta', '1989-08-10', ''),
(1507, 18, '1', 'A. Dwi Putranto', 'Yogyakarta', '1988-08-11', ''),
(1508, 18, '1', 'Gusta Ilhandhita', 'Yogyakarta', '1985-08-16', ''),
(1509, 18, '1', 'Ceravina Erni Setiyaningsih', 'Yogyakarta', '1984-09-09', ''),
(1510, 18, '1', 'Margareta Yamtini', 'Sragen', '1982-07-16', ''),
(1511, 18, '1', 'Yohanes Aris Fridayanto', 'Yogyakarta', '1981-06-26', ''),
(1512, 18, '1', 'Leonardus Ignatius Hasan Hasta', 'Jakarta', '1978-07-17', ''),
(1513, 18, '1', 'Marianne Christine', 'Yogyakarta', '1978-07-03', ''),
(1514, 18, '1', 'Agnes Dwi Intarti', 'Purworejo', '1978-05-31', ''),
(1515, 18, '1', 'A. Suharyanti', 'Yogyakarta', '1978-03-25', ''),
(1516, 18, '1', 'Vincentius Vandri Avia Mega', 'Sentani', '1977-02-01', ''),
(1517, 18, '1', 'Wenefrida Dewi Wulandari', 'Yogyakarta', '1976-11-03', ''),
(1518, 18, '1', 'R. Suharyanto', 'Yogyakarta', '1976-04-22', ''),
(1519, 18, '1', 'Sofia Suhartini', 'Tanjung Balai Karimun, Kepri', '1975-09-03', ''),
(1520, 18, '1', 'Puji Rahayu', 'Yogyakarta', '1975-08-08', ''),
(1521, 18, '1', 'Theresia Indarti Rahayu', 'Purworejo', '1975-03-19', ''),
(1522, 18, '1', 'Fransiska Dwiana Purwaningsih', 'Yogyakarta', '1974-11-11', ''),
(1523, 18, '1', 'Franciscus Borgias Kusdiyantoro', 'Yogyakarta', '1974-10-10', ''),
(1524, 18, '1', 'Agustinus Slamet Haryanto', 'Gombong', '1973-09-23', ''),
(1525, 18, '1', 'Felix Joni Darjoko', 'Yogyakarta', '1973-06-23', ''),
(1526, 18, '1', 'Fr. Binah Sriyati', 'Yogyakarta', '1972-12-27', ''),
(1527, 18, '1', 'E. Endang Herlina K.', 'Yogyakarta', '1972-11-02', ''),
(1528, 18, '1', 'Aquilina Tanti Arini', 'Yogyakarta', '1971-06-13', ''),
(1529, 18, '1', 'Christiana Yati Harjanti', 'Yogyakarta', '1970-03-15', ''),
(1530, 18, '1', 'Theodora Evie', 'Kediri', '1970-01-15', ''),
(1531, 18, '1', 'Marisa Agata Valeria Eti', 'Palembang', '1968-07-12', ''),
(1532, 18, '1', 'Yulius Kenti Aribowo', 'Sleman', '1968-07-01', ''),
(1533, 18, '1', 'A. Suharjono', 'Yogyakarta', '1968-02-22', ''),
(1534, 18, '1', 'Ign. Lingga Prabandaru', 'Yogyakarta', '1966-06-26', ''),
(1535, 18, '1', 'Dominicus Sugeng Endarto', 'Yogyakarta', '1965-10-25', ''),
(1536, 18, '1', 'Florentina Susilowati', 'Yogyakarta', '1965-09-20', ''),
(1537, 18, '1', 'Agustina Sugiarsih', 'Yogyakarta', '1965-08-17', ''),
(1538, 18, '1', 'Flavianus Didit Widiatmoko', 'Yogyakarta', '1962-12-28', ''),
(1539, 18, '1', 'Fransiscus Widiarsono Wijayanto', 'Yogyakarta', '1962-10-18', ''),
(1540, 18, '1', 'Triyani Puji Irianti', 'Yogyakarta', '1962-05-16', ''),
(1541, 18, '1', 'A. Eka Purwanta', 'Yogyakarta', '1960-11-29', ''),
(1542, 18, '1', 'Wimpie Lasut', 'Manado', '1959-09-27', ''),
(1543, 18, '1', 'Chatarina Wiji Suprapti', 'Yogyakarta', '1959-09-22', ''),
(1544, 18, '1', 'Sri Mulyati', 'Yogyakarta', '1956-10-14', ''),
(1545, 18, '1', 'Methodius Widaryatno', 'Yogyakarta', '1956-07-02', ''),
(1546, 18, '1', 'V.Hartiyem', 'Yogyakarta', '1955-12-12', ''),
(1547, 18, '1', 'Lucia K. S. Ing', 'Yogyakarta', '1955-12-01', ''),
(1548, 18, '1', 'Ch. Hartini', 'Bantul', '1955-01-25', ''),
(1549, 18, '1', 'Ali Suryanto', 'Yogyakarta', '1954-08-12', ''),
(1550, 19, '1', 'Jesica Venita Anaya Kezya', 'Yogyakarta', '2009-02-22', ''),
(1551, 19, '1', 'Valeria Novita Anggraini', 'Sleman', '2007-11-21', ''),
(1552, 19, '1', 'Alexandro Rivaro Dacosta', 'Yogyakarta', '2007-02-21', ''),
(1553, 19, '1', 'Lusia Katharina Mahuse', 'Wamena', '2004-12-14', ''),
(1554, 19, '1', 'Theresia Brigita Liwang', 'Palu', '2004-11-28', ''),
(1555, 19, '1', 'Patrisia Vania Meirylka', 'Sanggau', '2004-08-29', ''),
(1556, 19, '1', 'Beatrica Wikan Wardhiyana', 'Yogyakarta', '2004-08-18', ''),
(1557, 19, '1', 'Viona Dwi Revalin Pattipeme', 'Jakarta', '2004-08-14', ''),
(1558, 19, '1', 'Giovanna Luisa De Sousa Mota', 'Jakarta', '2004-08-07', ''),
(1559, 19, '1', 'Leony Angelina Foreysche Selitubun', 'Merauke', '2004-08-02', ''),
(1560, 19, '1', 'Adel Larisa Amanda Poli', 'Palu', '2004-07-26', ''),
(1561, 19, '1', 'Epifania Angeline Kumang', 'Pontianak', '2004-07-06', ''),
(1562, 19, '1', 'Maria Ose Novenitha Turadokend', 'Jayapura', '2004-06-23', ''),
(1563, 19, '1', 'Giovanna Tiara Revantini Geru', 'Kupang', '2004-05-29', ''),
(1564, 19, '1', 'Renata Rosa Listyaningtyas', 'Jakarta', '2004-05-04', ''),
(1565, 19, '1', 'Maria Yasinta Jamlean', 'Merauke', '2004-05-01', ''),
(1566, 19, '1', 'Imania Ziva Dewi Anggita', 'Jakarta', '2004-04-23', ''),
(1567, 19, '1', 'Leonardha Pascha Dewi', 'Jakarta', '2004-04-11', ''),
(1568, 19, '1', 'Lidwina Imri', 'Ngabang', '2004-04-06', ''),
(1569, 19, '1', 'Bernadet Alexandra', 'Pontianak', '2004-04-03', ''),
(1570, 19, '1', 'Amelia Putri Simanjorang', 'Timika', '2004-03-17', ''),
(1571, 19, '1', 'Regina Susanti Maraya', 'Palu', '2004-03-16', ''),
(1572, 19, '1', 'Odilia Shavinka Dewayani Nugraheni', 'Yogyakarta', '2004-03-11', ''),
(1573, 19, '1', 'Amanda Marsela', 'Timika', '2004-03-10', ''),
(1574, 19, '1', 'Maria Goretti Kuwak Monombut', 'Papua', '2004-03-01', ''),
(1575, 19, '1', 'Maya Sari Wijaya', 'Bangka', '2004-02-25', ''),
(1576, 19, '1', 'Maya Sari Wijaya', 'Bangko', '2004-02-25', ''),
(1577, 19, '1', 'Evin Petra Pebrina Debataraja', 'Serang', '2004-02-22', ''),
(1578, 19, '1', 'Evin Petra Pebrina Debataraja', 'Medan', '2004-02-22', ''),
(1579, 19, '1', 'Regina Cristanti Senduk', 'Manado', '2004-02-10', ''),
(1580, 19, '1', 'Pauline Prima Widyawati', 'Tangerang', '2004-02-07', ''),
(1581, 19, '1', 'Gloria Ayuningtyas Ch.Lt', 'Yogyakarta', '2004-01-01', ''),
(1582, 19, '1', 'Desyana Henry Cahyanto', 'Tanah Merah', '2003-12-06', ''),
(1583, 19, '1', 'Maria Octatavia Franita', 'Surabaya', '2003-10-14', ''),
(1584, 19, '1', 'Olivia Kartikasari', 'Yogyakarta', '2003-10-13', ''),
(1585, 19, '1', 'Bernadetha Diva Wahyudi', 'Merauke', '2003-10-08', ''),
(1586, 19, '1', 'Brigita Gracia', 'Palu', '2003-08-08', ''),
(1587, 19, '1', 'Ivana Fiorenza S.M', 'Medan', '2003-08-05', ''),
(1588, 19, '1', 'Mechtilda Getsa Xaviera', 'Jakarta', '2003-07-19', ''),
(1589, 19, '1', 'Patricia Jihan Vieira Tambanop', 'Bone Bone', '2003-06-28', ''),
(1590, 19, '1', 'Mery Setiowati Lenore', 'Medan', '2003-06-20', ''),
(1591, 19, '1', 'Valentina Floria Angel Nogo Nunang', 'Batam', '2003-06-19', ''),
(1592, 19, '1', 'Maria Fortuna Angelica', 'Pontianak', '2003-05-29', ''),
(1593, 19, '1', 'Chafaradilla Claudia Fernandez', 'Jayapura', '2003-05-09', ''),
(1594, 19, '1', 'Vikanova Rasdigesta Bintang Pande', 'Mautapaga', '2003-04-28', ''),
(1595, 19, '1', 'Faustina Elry Paska W.A', 'Magelang', '2003-04-19', ''),
(1596, 19, '1', 'Terisan Fransiska K.', 'Jayapura', '2003-03-30', ''),
(1597, 19, '1', 'Yohani Raphaela Anel Deshinta', 'Sukoharjo', '2003-03-27', ''),
(1598, 19, '1', 'Pricilia Lufty Riyanti M.', 'Merauke', '2003-03-09', ''),
(1599, 19, '1', 'Anastasya Kyrienza Fatika P.W.', 'Denpasar', '2003-02-22', ''),
(1600, 19, '1', 'Thania Gracella O.Tapyor', 'Jayapura', '2003-02-10', ''),
(1601, 19, '1', 'Kristihart Grace Angwarmase', 'Merauke', '2003-01-22', ''),
(1602, 19, '1', 'Jeshie Arta Gimawan', 'Sintang', '2002-12-25', ''),
(1603, 19, '1', 'Jeshie Arta Gimawan', 'Sintang', '2002-12-25', ''),
(1604, 19, '1', 'Angelina Cindy Wahyudi', 'Jakarta', '2002-12-02', ''),
(1605, 19, '1', 'Veronika Sabrina Enes', 'Purbalingga', '2002-11-20', ''),
(1606, 19, '1', 'Imania Ada Ramba M', 'Wamena', '2002-10-18', ''),
(1607, 19, '1', 'Ignasia Dian Sulistyaningrum', 'Cilegon', '2002-08-11', ''),
(1608, 19, '1', 'Meilinda Papuanita Ully', 'Merauke', '2002-05-10', ''),
(1609, 19, '1', 'Lydia Isaura Fernandes', 'Makasar', '2002-05-05', ''),
(1610, 19, '1', 'Ignasia Dian Sulistyaningrum', 'Karawangcilegon', '2002-03-27', ''),
(1611, 19, '1', 'Berliana Alfrida', 'Wamena', '2002-03-27', ''),
(1612, 19, '1', 'Angelina Zehanti Ratnaningtyas', 'Karawang', '2002-03-27', ''),
(1613, 19, '1', 'Yesberina Amani Saragih', 'Muara Teweh', '2001-08-11', ''),
(1614, 19, '1', 'Dominique Christabel Natanica', 'Yogyakarta', '2001-08-06', ''),
(1615, 19, '1', 'Cristofurus Rendy Pancar Pamungkas', 'Yogyakarta', '2001-07-24', ''),
(1616, 19, '1', 'Bagus Aji Waskito', 'Yogyakarta', '2001-06-11', ''),
(1617, 19, '1', 'Ruben Yacob Chistiano Lt', 'Yogyakarta', '2000-06-01', ''),
(1618, 19, '1', 'Michael Sungsang Aryo Sadewo', 'Yogyakarta', '2000-06-01', ''),
(1619, 19, '1', 'Sesilia Novia Pangestu Tresna Sadani', 'Pangkal Pinang', '1998-11-01', ''),
(1620, 19, '1', 'Ridho Sianturi', 'Muara Teweh', '1995-04-12', ''),
(1621, 19, '1', 'Natalia Tiara Destaria R', 'Yogyakarta', '1992-12-22', ''),
(1622, 19, '1', 'Clara Ayuk Kusumaningrum', 'Sragen', '1991-08-21', ''),
(1623, 19, '1', 'Hengki Adi Pranata', 'Yogyakarta', '1991-03-21', ''),
(1624, 19, '1', 'Salvator Laksana Nanda R', 'Semarang', '1991-03-18', ''),
(1625, 19, '1', 'Valentina Erline F', 'Yogyakarta', '1990-02-07', ''),
(1626, 19, '1', 'Handoko', 'Yogyakarta', '1987-12-25', ''),
(1627, 19, '1', 'Rozalinda Nila Kusumawati Ps', 'Yogyakarta', '1985-05-05', ''),
(1628, 19, '1', 'Monica Titi Sari, Amd', 'Kulon Progo', '1984-08-17', ''),
(1629, 19, '1', 'Cicilia Ristina', 'Lampung', '1983-12-01', ''),
(1630, 19, '1', 'Alex Hendra Surya Prastono R', 'Yogyakarta', '1983-09-09', ''),
(1631, 19, '1', 'Leonardus Wildan Ady Wijaya', 'Surakarta', '1983-06-15', ''),
(1632, 19, '1', 'Rus Primawati', 'Yogyakarta', '1982-10-04', ''),
(1633, 19, '1', 'Wiwit Listiyaningsih', 'Kebumen', '1982-05-08', ''),
(1634, 19, '1', 'Septiana Kristianti', 'Yogyakarta', '1981-09-25', ''),
(1635, 19, '1', 'Nanang Yulianti Antona', 'Magelang', '1981-07-28', ''),
(1636, 19, '1', 'Rus Prihantoro', 'Yogyakarta', '1980-10-13', ''),
(1637, 19, '1', 'Herlin', 'Yogyakarta', '1980-07-31', ''),
(1638, 19, '1', 'Antonius Kristanto Nugroho ,Se', 'Yogyakarta', '1978-10-14', ''),
(1639, 19, '1', 'Sr. Mariska', 'Surakarta', '1978-05-03', ''),
(1640, 19, '1', 'Sc.Linangkung S Indarsih,S.S', 'Yogyakarta', '1978-02-22', ''),
(1641, 19, '1', 'Ch Sukrismawati', 'Musi Rawas', '1977-11-24', ''),
(1642, 19, '1', 'Ramses Yacob Sihombing', 'Sidikalang', '1975-04-22', ''),
(1643, 19, '1', 'Ermawan S.E', 'Gunung Kidul', '1974-11-21', ''),
(1644, 19, '1', 'Erwin Kusuma Handayani', 'Tulungagung', '1972-12-20', ''),
(1645, 19, '1', 'Wigiastuti', 'Surakarta', '1972-11-28', ''),
(1646, 19, '1', 'Sr. Godelieve Cb', 'Kuningan', '1972-07-26', ''),
(1647, 19, '1', 'Farida Geru', 'Kupang', '1970-04-04', ''),
(1648, 19, '1', 'M.M .Laksmi Sri Harumi', 'Semarang', '1967-05-28', ''),
(1649, 19, '1', 'Gregorius Ariyanto', 'Yogyakarta', '1967-04-14', ''),
(1650, 19, '1', 'Maria Margaretha Wardanti', 'Yogyakarta', '1966-07-01', ''),
(1651, 19, '1', 'Emilia Mujirahayu', 'Yogyakarta', '1965-05-16', ''),
(1652, 19, '1', 'Yohanes Muji Raharjo', 'Yogyakarta', '1964-01-31', ''),
(1653, 19, '1', 'Margareta Suyati', 'Yogyakarta', '1963-03-22', ''),
(1654, 19, '1', 'Warsinah', 'Muntilan', '1963-01-04', ''),
(1655, 19, '1', 'Sri Wahyuningsih', 'Yogyakarta', '1962-01-16', ''),
(1656, 19, '1', 'Yovita Irianti', 'Yogyakarta', '1962-01-02', ''),
(1657, 19, '1', 'Agustinus Trisnadi Ratnanto', 'Yogyakarta', '1961-08-12', ''),
(1658, 19, '1', 'Sihono', 'Yogyakarta', '1961-05-31', ''),
(1659, 19, '1', 'Vincentius Mugiyanto', 'Yogyakarta', '1959-02-25', ''),
(1660, 19, '1', 'V. Bambang Budi Istiarjo,Se', 'Yogyakarta', '1959-02-19', ''),
(1661, 19, '1', 'Yuliana Suharni', 'Yogyakarta', '1958-07-07', ''),
(1662, 19, '1', 'Brigita Sri Sumaryati', 'Yogyakarta', '1957-12-28', ''),
(1663, 19, '1', 'Katarina', 'Yogyakarta', '1955-10-28', ''),
(1664, 19, '1', 'Wagiyem Harjo Sumarto', 'Bantul', '1955-05-07', ''),
(1665, 19, '1', 'Petri Suparti', 'Yogyakarta', '0000-00-00', ''),
(1666, 20, '1', 'Darryl Kenan Wiratama', 'Yogyakarta', '2008-03-19', ''),
(1667, 20, '1', 'Glory Arletha Trisanto', 'Yogyakarta', '2007-12-15', ''),
(1668, 20, '1', 'Angeli Keysha Azalea', 'Yogyakarta', '2007-01-25', ''),
(1669, 20, '1', 'Angelica Dwi Yoranda Novelia Parura', 'Yogyakarta', '2006-06-15', ''),
(1670, 20, '1', 'Laurensia Nina Anindita Trisanto', 'Yogyakarta', '2005-07-02', ''),
(1671, 20, '1', 'Aurelia Putri Jelita Rahmawati', 'Magelang', '2005-04-27', ''),
(1672, 20, '1', 'Julian Kenny Wijaya The', 'Yogyakarta', '2004-07-11', ''),
(1673, 20, '1', 'Thomas Afian Purnomo Putra', 'Yogyakarta', '2004-05-17', ''),
(1674, 20, '1', 'Damianus Suryo Wicaksono', 'Yogyakarta', '2004-02-24', ''),
(1675, 20, '1', 'Sebastian Wintolo Dwi W', 'Yogyakarta', '2004-02-06', ''),
(1676, 20, '1', 'Lukas Andry Kristianto', 'Yogyakarta', '2003-08-31', ''),
(1677, 20, '1', 'Martinus Donny Wijaya', 'Yogyakarta', '2003-05-22', ''),
(1678, 20, '1', 'Salsa Alyana', 'Yogyakarta', '2002-04-04', ''),
(1679, 20, '1', 'Gabriel Candra Dwi Putro', 'Denpasar', '2001-09-14', ''),
(1680, 20, '1', 'Gregorius Eric Trimukti', 'Yogyakarta', '2001-09-03', ''),
(1681, 20, '1', 'Yosepha Eka Saraswati', 'Yogyakarta', '2000-03-23', ''),
(1682, 20, '1', 'Vinsensius Kurniawan Isa Purnomo Putra', 'Yogyakarta', '1999-04-01', ''),
(1683, 20, '1', 'Antonio Widyantoro', 'Temanggung', '1999-02-06', ''),
(1684, 20, '1', 'Antonius Januardi Nugraha Aji', 'Yogyakarta', '1999-01-02', ''),
(1685, 20, '1', 'Novia Yosin Parura', 'Ambon', '1998-11-30', ''),
(1686, 20, '1', 'Eka Setianingsih', 'Yogyakarta', '1998-04-05', ''),
(1687, 20, '1', 'Carolus Bernado Kartiko Putro', 'Denpasar', '1997-11-04', ''),
(1688, 20, '1', 'Roberta Idayu Dwi Larasati', 'Yogyakarta', '1997-05-23', ''),
(1689, 20, '1', 'Riski Dwi Lestari', 'Yogyakarta', '1994-07-12', ''),
(1690, 20, '1', 'Anastasia Mariana Dwi S.', 'Ngadirejo', '1994-04-13', ''),
(1691, 20, '1', 'Maharani Diramastuti', 'Yogyakarta', '1994-02-18', ''),
(1692, 20, '1', 'Ferdinandus Satriyo Putro Pamungkas Supit', 'Klaten', '1994-01-14', ''),
(1693, 20, '1', 'Alviana Herawati', 'Yogyakarta', '1993-09-28', ''),
(1694, 20, '1', 'Paulin Triastini', 'Yogyakarta', '1993-09-02', ''),
(1695, 20, '1', 'Paulista Tri Asih', 'Yogyakarta', '1993-09-02', ''),
(1696, 20, '1', 'Katarina Henry Cristantia', 'Kulon Progo', '1993-04-14', ''),
(1697, 20, '1', 'Budi Wicaksana', 'Yogyakarta', '1992-11-15', ''),
(1698, 20, '1', 'Nita Octora Permatasari', 'Yogyakarta', '1992-10-12', ''),
(1699, 20, '1', 'Astrid Rosaria Christieny', 'Madiun', '1992-07-17', ''),
(1700, 20, '1', 'Matheus Edo Prakoso', 'Yogyakarta', '1991-09-09', ''),
(1701, 20, '1', 'Hennie Fitriani', 'Yogyakarta', '1991-06-27', ''),
(1702, 20, '1', 'Theresia Widyaninggar', 'Yogyakarta', '1990-10-16', ''),
(1703, 20, '1', 'Lusia Septi Widyaputri', 'Semarang', '1990-09-20', ''),
(1704, 20, '1', 'Yuyus Kurniado', 'Yogyakarta', '1990-08-09', ''),
(1705, 20, '1', 'F.A. Rayi Dalu Adi Purwitra', 'Yogyakarta', '1989-10-04', ''),
(1706, 20, '1', 'Hendra Adi Pratama', 'Bantul', '1989-09-27', ''),
(1707, 20, '1', 'Widi Astuti', 'Ngadirejo', '1988-09-21', ''),
(1708, 20, '1', 'Frisca Devi Yudistasari', 'Yogyakarta', '1987-09-20', ''),
(1709, 20, '1', 'Yusridar Mustofa', 'Unknown', '1987-07-26', ''),
(1710, 20, '1', 'Yusa Meinar Fx.', 'Yogyakarta', '1986-06-23', ''),
(1711, 20, '1', 'Harmini', 'Klaten', '1984-02-15', ''),
(1712, 20, '1', 'Hendrik Jemi Winaji', 'Yogyakarta', '1982-03-23', ''),
(1713, 20, '1', 'Anggoro Budi Waluyo', 'Yogyakarta', '1981-08-25', ''),
(1714, 20, '1', 'Suryadi', 'Yogyakarta', '1979-05-15', ''),
(1715, 20, '1', 'Stefanus Beni Hartanto, Se', 'Yogyakarta', '1979-04-02', ''),
(1716, 20, '1', 'Wahyu Widuri Flaviana', 'Yogyakarta', '1977-07-29', ''),
(1717, 20, '1', 'Suhariyanto', 'Yogyakarta', '1977-07-10', ''),
(1718, 20, '1', 'Agatha Hargiati', 'Wonogiri', '1977-02-02', ''),
(1719, 20, '1', 'The Andre Christian', 'Pare-Pare', '1977-01-04', ''),
(1720, 20, '1', 'Alfonsina Weridity', 'Saumlaki', '1976-09-30', ''),
(1721, 20, '1', 'Bernadeta Sumarlina', 'Sleman', '1976-05-03', ''),
(1722, 20, '1', 'Antonius Amir Sahid Purnomo', 'Yogyakarta', '1973-06-16', ''),
(1723, 20, '1', 'Vissia Tri Diana Apriningsih', 'Yogyakarta', '1973-04-05', ''),
(1724, 20, '1', 'Rosalia Erna Septiyarini', 'Yogyakarta', '1972-09-04', ''),
(1725, 20, '1', 'Antonius Handoko Trisanto', 'Yogyakarta', '1972-06-15', ''),
(1726, 20, '1', 'Sarjono Francisus Xaverius', 'Yogyakarta', '1971-02-07', ''),
(1727, 20, '1', 'Tri Wahyuni', 'Klaten', '1970-06-26', ''),
(1728, 20, '1', 'Yoram Arung Parura', 'Toraja', '1970-02-16', ''),
(1729, 20, '1', 'Kapin Bondar', 'Tapanuli Tengah', '1969-10-02', ''),
(1730, 20, '1', 'Yanto', 'Gunung Kidul', '1969-06-22', ''),
(1731, 20, '1', 'Yohanes Eko Rintarjo', 'Sragen', '1969-05-29', ''),
(1732, 20, '1', 'Andreana Endang Kasmiati', 'Yogyakarta', '1969-02-16', ''),
(1733, 20, '1', 'Bernadus Tri Agus Purwanto', 'Semarang', '1968-08-19', ''),
(1734, 20, '1', 'Andreas Joko Prasetyo', 'Yogyakarta', '1968-07-29', ''),
(1735, 20, '1', 'M.M Endah Winarsih', 'Bantul', '1968-06-04', ''),
(1736, 20, '1', 'Tiong Riana Dewi Sulistiana', 'Yogyakarta', '1968-04-01', ''),
(1737, 20, '1', 'Monica Weridity', 'Saumlaki', '1968-03-11', ''),
(1738, 20, '1', 'Yohanes Sigit Poncoatmojo', 'Yogyakarta', '1967-12-19', ''),
(1739, 20, '1', 'Purwanti', 'Bantul', '1967-11-06', ''),
(1740, 20, '1', 'Valentina Dwi Budi A.', 'Yogyakarta', '1967-10-18', ''),
(1741, 20, '1', 'Siti Sugiyarta', 'Yogyakarta', '1967-10-11', ''),
(1742, 20, '1', 'Sriyono', 'Yogyakarta', '1967-08-05', ''),
(1743, 20, '1', 'Suraeni Benedicta', 'Yogyakarta', '1967-04-18', ''),
(1744, 20, '1', 'Budiarti Sih Lestari', 'Yogyakarta', '1966-03-22', ''),
(1745, 20, '1', 'Christina Tri Andriastuti', 'Klaten', '1964-12-30', ''),
(1746, 20, '1', 'Sri Rahayu', 'Yogyakarta', '1964-09-03', ''),
(1747, 20, '1', 'Rosalia Tri Lilis Indriyati', 'Yogyakarta', '1964-07-29', ''),
(1748, 20, '1', 'Sudirman', 'Banten', '1962-03-29', ''),
(1749, 20, '1', 'Theresia Sutina Astuti', 'Yogyakarta', '1961-04-24', ''),
(1750, 20, '1', 'Ranang Kuswala', 'Yogyakarta', '1960-04-04', ''),
(1751, 20, '1', 'Rohmiyati', 'Yogyakarta', '1959-12-21', ''),
(1752, 20, '1', 'Tibursius Agus Wibowo', 'Yogyakarta', '1959-08-11', ''),
(1753, 20, '1', 'Sri Sumartini', 'Yogyakarta', '1959-05-27', ''),
(1754, 20, '1', 'Budi Iswanto', 'Yogyakarta', '1959-01-18', ''),
(1755, 20, '1', 'Heri Kusmanto', 'Yogyakarta', '1958-11-01', ''),
(1756, 20, '1', 'Chatarina Darwati', 'Yogyakarta', '1958-06-30', ''),
(1757, 20, '1', 'Theresia Trimulyani', 'Yogyakarta', '1957-12-31', ''),
(1758, 20, '1', 'Eni Lestari An.', 'Yogyakarta', '1957-12-04', ''),
(1759, 20, '1', 'Sih Muryati', 'Unknown', '1955-10-27', ''),
(1760, 20, '1', 'Hariman Susanto', 'Yogyakarta', '1955-07-01', ''),
(1761, 20, '1', 'Soedarmo', 'Unknown', '0000-00-00', ''),
(1762, 20, '1', 'Theresia Windiarningsih', 'Unknown', '0000-00-00', ''),
(1763, 20, '1', 'Yustina Anastasia Kusriyati', 'Unknown', '0000-00-00', ''),
(1764, 21, '1', 'Maria Gracia Dinda Garini', 'Yogyakarta', '2009-11-28', ''),
(1765, 21, '1', 'Margaretha Olivia Cahyaning Widya', 'Yogyakarta', '2009-02-04', ''),
(1766, 21, '1', 'Laurentius Harvey Evandore', 'Yogyakarta', '2008-10-20', ''),
(1767, 21, '1', 'Giovani Lionel Axel Yulianto', 'Yogyakarta', '2008-05-26', ''),
(1768, 21, '1', 'Elisabeth Alin Hwang', 'Sleman', '2008-05-08', ''),
(1769, 21, '1', 'Gabriel Ajeng Anggrawesi', 'Yogyakarta', '2007-09-02', ''),
(1770, 21, '1', 'Nicholas Christian Saputra', 'Yogyakarta', '2006-02-16', ''),
(1771, 21, '1', 'Valentino Kevin Yulianto', 'Yogyakarta', '2006-02-06', ''),
(1772, 21, '1', 'Clara Dian Ajeng Saputri', 'Yogyakarta', '2005-04-17', ''),
(1773, 21, '1', 'Uriel Paska Buda Putraprtama', 'Yogyakarta', '2005-03-23', ''),
(1774, 21, '1', 'Tannala Hangno', 'Yogyakarta', '2003-07-08', ''),
(1775, 21, '1', 'Nicodemus Dwiki Argo Kusumo', 'Yogyakarta', '2003-07-08', ''),
(1776, 21, '1', 'Sarah Jessica Regina', 'Yogyakarta', '2003-02-25', ''),
(1777, 21, '1', 'Gregorius Dwika Kuncahyo Dewaji', 'Jakarta', '2002-10-08', ''),
(1778, 21, '1', 'Tannayu Hangno', 'Yogyakarta', '2002-05-05', ''),
(1779, 21, '1', 'Yohanes Pemandi Anggit Dwi Palimermo', 'Yogyakarta', '2001-06-24', ''),
(1780, 21, '1', 'Brigita Puspita Dewi', 'Bengkulu Selatan', '2000-03-28', ''),
(1781, 21, '1', 'Yosephine Angelica Sashanty', 'Jakarta', '1999-11-14', ''),
(1782, 21, '1', 'Gabriela Mutiara Andravina', 'Jakarta', '1999-06-03', ''),
(1783, 21, '1', 'Margareta Florentia Irene', 'Sleman', '1999-03-03', ''),
(1784, 21, '1', 'Laurentius Hansen Evandore', 'Yogyakarta', '1999-03-03', ''),
(1785, 21, '1', 'Anastasia Hosiana', 'Yogyakarta', '1999-02-25', ''),
(1786, 21, '1', 'Antonius Mardera Pranadestya', 'Tangerang', '1998-03-15', ''),
(1787, 21, '1', 'Mikaela Nadya Gustavia', 'Jakarta', '1997-08-20', ''),
(1788, 21, '1', 'Laurentius Henry Evandore', 'Jakarta', '1997-07-10', ''),
(1789, 21, '1', 'Bernardus Riosoni Saputra', 'Magelang', '1997-05-28', ''),
(1790, 21, '1', 'Antonius Antonie Michael Verstraten', 'Yogyakarta', '1996-11-18', ''),
(1791, 21, '1', 'Thomas Jono Sukaton Novianto', 'Yogyakarta', '1996-11-09', ''),
(1792, 21, '1', 'Elisabeth Clara Puspita Ayuning Puteri', 'Yogyakarta', '1996-11-03', ''),
(1793, 21, '1', 'Adventi Rose Susanto', 'Yogyakarta', '1993-11-27', ''),
(1794, 21, '1', 'Gregorius Purwo Widayanto', 'Yogyakarta', '1993-07-28', ''),
(1795, 21, '1', 'Antonius Mei Setyabudi', 'Yogyakarta', '1993-05-31', ''),
(1796, 21, '1', 'Fransmaria Laurentius John Radite Laba', 'Yogyakarta', '1991-08-14', ''),
(1797, 21, '1', 'Agustina Marhaeni Sekar Fajar Purwani', 'Yogyakarta', '1991-08-05', ''),
(1798, 21, '1', 'Eustachius Indra Kusuma', 'Yogyakarta', '1989-03-29', ''),
(1799, 21, '1', 'Gregorius Laba', 'Yogyakarta', '1986-09-16', ''),
(1800, 21, '1', 'Sheila Sitarani Savitri', 'Yogyakarta', '1985-11-07', ''),
(1801, 21, '1', 'Maria Rahmini', 'Kulonprogo', '1985-08-31', ''),
(1802, 21, '1', 'Maria Endang Lukti Sari', 'Sleman', '1983-02-08', ''),
(1803, 21, '1', 'Mikhael Beny Prasetyo', 'Yogyakarta', '1982-05-01', ''),
(1804, 21, '1', 'Rina Dwi Suryani Kusumaningtyas', 'Semarang', '1980-04-01', ''),
(1805, 21, '1', 'Fransiska Yohana Rina Kurniastuti', 'Yogyakarta', '1980-02-05', ''),
(1806, 21, '1', 'Paula Rani Hardiyanto', 'Yogyakarta', '1980-01-25', ''),
(1807, 21, '1', 'Rosalina Listyowati Goenawan', 'Surabaya', '1979-07-13', ''),
(1808, 21, '1', 'Yohana Siti Riris Andayani', 'Klaten', '1978-11-22', ''),
(1809, 21, '1', 'Antonius Endrianto Widi Cahyono', 'Yogyakarta', '1978-10-04', ''),
(1810, 21, '1', 'New Eko Yuliantoro, SE', 'Yogyakarta', '1978-09-10', ''),
(1811, 21, '1', 'Benediktus Wawan Setyawan', 'Yogyakarta', '1978-01-04', ''),
(1812, 21, '1', 'Veronica Anitasari Astuti', 'Yogyakarta', '1977-05-28', ''),
(1813, 21, '1', 'Susana Mamik Jesy Prihandayani', 'Yogyakarta', '1976-09-05', ''),
(1814, 21, '1', 'Agustina Giri Santi Asih Puji Astuti', 'Yogyakarta', '1975-08-24', ''),
(1815, 21, '1', 'Stefanus Dwi Ageng Saputra', 'Yogyakarta', '1975-08-08', ''),
(1816, 21, '1', 'Yosaphat Anom Respatibrata', 'Yogyakarta', '1974-10-15', ''),
(1817, 21, '1', 'Erlina Dewi Pujiastuti', 'Jakarta', '1974-07-27', ''),
(1818, 21, '1', 'Aloysius Unggul Prasongko Watung', 'Magelang', '1974-02-22', ''),
(1819, 21, '1', 'Leonard Agus Surjanto', 'Yogyakarta', '1971-08-20', ''),
(1820, 21, '1', 'Willybordus Ari Widijanto', 'Yogyakarta', '1971-07-11', ''),
(1821, 21, '1', 'Ignatius Eko Hardjianto', 'Yogyakarta', '1971-05-07', ''),
(1822, 21, '1', 'Benedicta Eva Shinta Wahyanti', 'Jakarta', '1969-12-31', ''),
(1823, 21, '1', 'Yohanes Bosco Ari Cuk Sudaryoto', 'Yogyakarta', '1969-01-31', ''),
(1824, 21, '1', 'Laurensia Rinawati', 'Yogyakarta', '1968-12-05', ''),
(1825, 21, '1', 'Laurensia Nancy Triani ,SE,MM', 'Yogyakarta', '1968-11-12', ''),
(1826, 21, '1', 'Laurentius Prasetya Herlambang', 'Yogyakarta', '1968-06-01', ''),
(1827, 21, '1', 'Vincentius Heri Purnomo', 'Magelang', '1968-04-09', ''),
(1828, 21, '1', 'Monica Siandajani', 'Yogyakarta', '1968-03-16', ''),
(1829, 21, '1', 'Mulitina Reni Tritaryati', 'Yogyakarta', '1967-09-15', ''),
(1830, 21, '1', 'Alicia Vivienny Maya Fransiska', 'Curop', '1967-08-26', ''),
(1831, 21, '1', 'Billarminus Praba Susanta', 'Sleman', '1967-05-15', ''),
(1832, 21, '1', 'Fransiskus Xaverius Wahyu Saptono', 'Yogyakarta', '1967-05-02', ''),
(1833, 21, '1', 'Patrisia Sri Murni Metawati, SH', 'Yogyakarta', '1967-02-02', ''),
(1834, 21, '1', 'Antonius Totok Endaryanto', 'Yogyakarta', '1966-03-31', ''),
(1835, 21, '1', 'Yuliana Mintarsih', 'Yogyakarta', '1966-01-19', ''),
(1836, 21, '1', 'Natalia Naning Karyati', 'Yogyakarta', '1965-12-25', ''),
(1837, 21, '1', 'Agustina Sarmini', 'Magelang', '1965-04-01', ''),
(1838, 21, '1', 'Maria Magdalena Suprihatin', 'Yogyakarta', '1963-12-05', ''),
(1839, 21, '1', 'Fransiscus Xaverius Sumartono', 'Yogyakarta', '1963-10-23', ''),
(1840, 21, '1', 'Hartono Munandar, Drs', 'Magelang', '1963-09-19', ''),
(1841, 21, '1', 'Felix Sony Teguh', 'Tanjung Pinang', '1963-07-09', ''),
(1842, 21, '1', 'Yohanes Ganek Puspito', 'Sampit', '1963-06-24', ''),
(1843, 21, '1', 'Maria Rita Mira Arlianti', 'Yogyakarta', '1963-05-21', ''),
(1844, 21, '1', 'Lusia Nuraeni Cahyawati', 'Wates Kulonprogo', '1963-04-14', ''),
(1845, 21, '1', 'Anne Maria Tenny Iskandriati', 'Surakarta', '1962-11-10', ''),
(1846, 21, '1', 'Melania Eni Susiyanti', 'Yogyakarta', '1962-10-24', ''),
(1847, 21, '1', 'Yohanes Suhartaya Setiatna', 'Yogyakarta', '1962-01-11', ''),
(1848, 21, '1', 'Vincentius Agus Sriyanto', 'Yogyakarta', '1961-07-01', ''),
(1849, 21, '1', 'Theresia Sri Sudiyananingsih', 'Yogyakarta', '1960-11-05', ''),
(1850, 21, '1', 'Maria Alacogue Williana', 'Palembang', '1959-02-07', ''),
(1851, 21, '1', 'Fransisca Cicilia Sri Iriyanti', 'Yogyakarta', '1958-11-03', ''),
(1852, 21, '1', 'Fransiscus Istimewa', 'Lampung Utara', '1957-02-15', ''),
(1853, 21, '1', 'Ignatius Tanto Kusnandar', 'Yogyakarta', '1955-08-22', ''),
(1854, 21, '1', 'Maria Margaretha Hartini', 'Yogyakarta', '1954-08-05', ''),
(1855, 22, '1', 'Fransiska Yohana Natalia Anindita', 'Sragen', '2009-09-19', ''),
(1856, 22, '1', 'Mikhael Gavra Louis Abista', 'Yogyakarta', '2008-08-26', ''),
(1857, 22, '1', 'Felicia Dahayu Nio Gantari', 'Yogyakarta', '2007-09-25', ''),
(1858, 22, '1', 'Farrel Rynanda Christian', 'Yogyakarta', '2007-06-07', ''),
(1859, 22, '1', 'Brigita Intan Pratiwi', 'Yogyakarta', '2006-06-10', ''),
(1860, 22, '1', 'Vincentius Erwan Wijaya', 'Yogyakarta', '2005-06-23', ''),
(1861, 22, '1', 'Yohanes Tri Noviyanto', 'Sleman', '2004-11-05', ''),
(1862, 22, '1', 'Patricia Seva Surani', 'Yogyakarta', '2003-03-17', ''),
(1863, 22, '1', 'Gregorius Agung Saputra', 'Yogyakarta', '2002-03-12', ''),
(1864, 22, '1', 'Dilla Arum Rachmawati', 'Yogyakarta', '2000-02-15', ''),
(1865, 22, '1', 'Ignatius Ardianto', 'Yogyakarta', '1999-12-10', ''),
(1866, 22, '1', 'Gregorius Edwin Ferangga', 'Yogyakarta', '1999-02-23', ''),
(1867, 22, '1', 'Afrianto Santoso', 'Sleman', '1996-04-30', ''),
(1868, 22, '1', 'Septian Riza Darmawan Putra', 'Yogyakarta', '1995-09-04', ''),
(1869, 22, '1', 'L. Rudi Himawan', 'Yogyakarta', '1994-01-05', ''),
(1870, 22, '1', 'Patricia Inge Primasmara', 'Sleman', '1993-09-21', ''),
(1871, 22, '1', 'Kartika Puspaningrum', 'Nabire', '1993-02-25', ''),
(1872, 22, '1', 'Maria Magdalen Oktariyanti Putri', 'Bantul', '1992-10-02', ''),
(1873, 22, '1', 'Rafael Ridho Rezanto', 'Yogyakarta', '1992-09-18', ''),
(1874, 22, '1', 'Vin Ariyanti', 'Sleman', '1992-02-13', ''),
(1875, 22, '1', 'Giovanni Arton Primasmara', 'Lampung', '1991-04-21', ''),
(1876, 22, '1', 'Eko Prasetyo', 'Yogyakarta', '1989-07-23', ''),
(1877, 22, '1', 'Andreas Ryan Primasmara', 'Sleman', '1988-10-03', ''),
(1878, 22, '1', 'Archadius Deritawan Susanto', 'Sleman', '1988-01-12', ''),
(1879, 22, '1', 'Sulastri', 'Musibanyuasin, Palembang', '1986-10-22', ''),
(1880, 22, '1', 'Yuliana Eka Sumardhani', 'Sleman', '1986-07-21', ''),
(1881, 22, '1', 'Veronica Ratnawati', 'Yogyakarta', '1986-03-24', ''),
(1882, 22, '1', 'Robertus Gufron Wibowo', 'Purworejo', '1984-10-04', ''),
(1883, 22, '1', 'Anni Kusnindyah', 'Yogyakarta', '1983-08-06', ''),
(1884, 22, '1', 'Cristiana Herdhita Sri Nuryani', 'Sragen', '1983-06-22', ''),
(1885, 22, '1', 'Andi Suryo Dwiantoro', 'Yogyakarta', '1982-06-05', ''),
(1886, 22, '1', 'Antonius Ariyanto', 'Yogyakarta', '1982-01-11', ''),
(1887, 22, '1', 'Yoanes Dari Dari Salib Sulis Wicaksono', 'Sleman', '1981-12-14', ''),
(1888, 22, '1', 'Thomas Julius Mario Haryo Wibowo', 'Yogyakarta', '1981-07-02', ''),
(1889, 22, '1', 'Marta Yoseva Una Asrini', 'Yogyakarta', '1979-11-17', ''),
(1890, 22, '1', 'Yulius Kusnaidi', 'Sleman', '1979-05-31', ''),
(1891, 22, '1', 'Tejo Kristanto', 'Semarang', '1979-01-19', ''),
(1892, 22, '1', 'Ignatius Gunadi', 'Yogyakarta', '1978-09-17', ''),
(1893, 22, '1', 'Heribertus Lilik Ernawan', 'Yogyakarta', '1976-03-16', ''),
(1894, 22, '1', 'Musiyem', 'Gunung Kidul', '1976-01-13', ''),
(1895, 22, '1', 'Yulia Ari Christiani', 'Yogyakarta', '1974-01-09', ''),
(1896, 22, '1', 'Rosalia Entik Kristiari', 'Yogyakarta', '1972-07-04', ''),
(1897, 22, '1', 'Y. Erika Sari', 'Yogyakarta', '1972-03-19', ''),
(1898, 22, '1', 'Cornelius Rastriwanto', 'Yogyakarta', '1971-09-23', ''),
(1899, 22, '1', 'V. Purwanto', 'Yogyakarta', '1971-06-02', ''),
(1900, 22, '1', 'Mita Arjanti', 'Yogyakarta', '1971-05-14', ''),
(1901, 22, '1', 'Mintarsih', 'Yogyakarta', '1970-07-07', ''),
(1902, 22, '1', 'Maria Magdalena Paikem', 'Bantul', '1969-07-18', ''),
(1903, 22, '1', 'Lusia Widuri Handayani', 'Sleman', '1969-04-12', ''),
(1904, 22, '1', 'Suryanto', 'Sleman', '1969-03-24', ''),
(1905, 22, '1', 'Fx. Sunawan', 'Bantul', '1967-09-23', ''),
(1906, 22, '1', 'Maryani', 'Sleman', '1966-10-23', ''),
(1907, 22, '1', 'Marsudi', 'Sleman', '1966-08-07', ''),
(1908, 22, '1', 'Sutarno', 'Klaten', '1966-07-17', ''),
(1909, 22, '1', 'Slamet Widodo', 'Yogyakarta', '1966-04-29', ''),
(1910, 22, '1', 'Ig. Sujadi', 'Yogyakarta', '1965-05-29', ''),
(1911, 22, '1', 'Antonia Sukarti', 'Kulon Progo', '1965-04-08', ''),
(1912, 22, '1', 'Arif Ridwan', 'Semarang', '1963-12-24', ''),
(1913, 22, '1', 'Sri Suprihatin', 'Sleman', '1963-05-10', ''),
(1914, 22, '1', 'Suparmi', 'Sleman', '1962-04-10', ''),
(1915, 22, '1', 'Agustinus Sri Raharja', 'Sleman', '1962-04-04', ''),
(1916, 22, '1', 'Ch. Ary Setyaningsih', 'Solo', '1961-12-19', ''),
(1917, 22, '1', 'Philipus Suyono', 'Sleman', '1959-08-08', ''),
(1918, 22, '1', 'Tukijah', 'Sleman', '1959-05-30', ''),
(1919, 22, '1', 'Klimensia', 'Sleman', '1959-03-15', ''),
(1920, 22, '1', 'Yohanes Soekamto', 'Sleman', '1958-12-30', ''),
(1921, 22, '1', 'F. Yatinah', 'Sleman', '1957-10-30', ''),
(1922, 22, '1', 'Yustina Ngadilah', 'Sleman', '1956-07-06', ''),
(1923, 22, '1', 'Christina Ngatirah', 'Klaten', '1955-07-01', ''),
(1924, 22, '1', 'Fx. Sumedi', 'Sleman', '1955-01-08', ''),
(1925, 22, '1', 'Sastro Dihardjo / Mukiyem', 'Yogyakarta', '1954-12-31', ''),
(1926, 22, '1', 'Theresia Poniyem', 'Gunung Kidul', '1954-08-15', ''),
(1927, 22, '1', 'Sr. Azinha Maria Teresa Ximenes Cb', 'Dili', '1959-11-11', ''),
(1928, 23, '1', 'Yohanes Bimo Setiawan', 'Yogyakarta', '2010-03-03', ''),
(1929, 23, '1', 'Dejan Putra Laksana', 'Yogyakarta', '2007-10-05', ''),
(1930, 23, '1', 'Kenardi Wijoyanto', 'Yogyakarta', '2007-08-07', ''),
(1931, 23, '1', 'L. Karel Abel Banyu Biru', 'Yogyakarta', '2006-08-23', ''),
(1932, 23, '1', 'Jeanne D`Arc Frisca Nugroho Putri', 'Yogyakarta', '2005-01-08', ''),
(1933, 23, '1', 'Irene Aura Kinasih', 'Yogyakarta', '2004-06-26', ''),
(1934, 23, '1', 'Bernadus Xaverius Hitipeuw', 'Tangerang', '2004-05-01', ''),
(1935, 23, '1', 'Bonifasius Edoambarta Sumaskris Widodo', 'Yogyakarta', '2003-10-03', ''),
(1936, 23, '1', 'Nathanael Aflinoza Feraldo', 'Sleman', '2002-12-29', ''),
(1937, 23, '1', 'L. Christian Prio Kusumo', 'Yogyakarta', '2002-11-23', ''),
(1938, 23, '1', 'Cicilia Viyaya Widyapuspita', 'Yogyakarta', '2002-08-14', ''),
(1939, 23, '1', 'Maryati', 'Yogyakarta', '2002-03-12', ''),
(1940, 23, '1', 'Karen Mikaela Limmo', 'Cirebon', '2001-02-06', ''),
(1941, 23, '1', 'Vincentius Alvian Perdana', 'Bantul', '1998-11-25', ''),
(1942, 23, '1', 'Regina Amara Geraldine', 'Yogyakarta', '1998-09-20', ''),
(1943, 23, '1', 'Sri Lestari', 'Yogyakarta', '1998-05-19', ''),
(1944, 23, '1', 'Niny Sumini', 'Bau - Bau Buton', '1998-05-07', ''),
(1945, 23, '1', 'Wiliambarta Sumaskris Widodo', 'Yogyakarta', '1997-12-18', ''),
(1946, 23, '1', 'Maria Dini Puspita Sari', 'Yogyakarta', '1997-04-14', ''),
(1947, 23, '1', 'Joscelind Akiko Carramoy', 'Cilacap', '1996-02-05', ''),
(1948, 23, '1', 'Christine Benita', 'Sleman', '1993-05-19', ''),
(1949, 23, '1', 'Raden Patricius Bismo Nugroho', 'Yogyakarta', '1992-02-01', ''),
(1950, 23, '1', 'Merry Chrissalin', 'Yogyakarta', '1990-12-01', ''),
(1951, 23, '1', 'Albertus Luki Ferdian Setiawan', 'Yogyakarta', '1990-06-03', ''),
(1952, 23, '1', 'Bernadus Levi Herdiyan Setiawan', 'Yogyakarta', '1990-06-03', ''),
(1953, 23, '1', 'Benedictus Okky Martin Saputra', 'Purbalingga', '1989-03-04', ''),
(1954, 23, '1', 'Franciscus Wisnu Prabowo Jati', 'Yogyakarta', '1988-10-15', ''),
(1955, 23, '1', 'Mara Chrissalin', 'Yogyakarta', '1988-10-13', ''),
(1956, 23, '1', 'Fenny Setiawaty', 'Karanganyar', '1988-08-27', ''),
(1957, 23, '1', 'Alexander Niko Dian Saputra', 'Yogyakarta', '1987-11-16', ''),
(1958, 23, '1', 'Monika Prameswari Nilampuspa', 'Yogyakarta', '1985-06-23', ''),
(1959, 23, '1', 'Alfonsa Silvia Kusumaningrum', 'Sleman', '1984-08-25', ''),
(1960, 23, '1', 'Slamet Riyadi', 'Semarang', '1983-07-14', ''),
(1961, 23, '1', 'Yendi Susanto', 'Yogyakarta', '1981-11-04', ''),
(1962, 23, '1', 'Yohanes Andreyanto Prabowo', 'Yogyakarta', '1981-09-26', ''),
(1963, 23, '1', 'Goklas Nainggolan', 'Medan', '1980-12-03', ''),
(1964, 23, '1', 'Arianititi', 'Yogyakarta', '1980-11-17', ''),
(1965, 23, '1', 'Yunita Wirastuti', 'Grobogan', '1980-06-24', ''),
(1966, 23, '1', 'Yuliana Mikawati', 'Kendal', '1977-07-23', ''),
(1967, 23, '1', 'Dewi Wahyu Purbo Poncosari', 'Salatiga', '1977-01-20', ''),
(1968, 23, '1', 'Nanang Triono', 'Yogyakarta', '1976-12-24', ''),
(1969, 23, '1', 'Bagus Trilaksono', 'Ngawi', '1976-05-31', ''),
(1970, 23, '1', 'Maria Valentina Lila Rustiana', 'Yogyakarta', '1976-05-05', ''),
(1971, 23, '1', 'Shienny Leo', 'Yogyakarta', '1976-01-23', ''),
(1972, 23, '1', 'Erio Wijoyanto', 'Wonosobo', '1974-05-18', ''),
(1973, 23, '1', 'Metta Uliarti Utami', 'Yogyakarta', '1973-07-18', ''),
(1974, 23, '1', 'Agustina Subiyanti', 'Yogyakarta', '1972-08-27', ''),
(1975, 23, '1', 'Eni Luciana Adow', 'Ternante Maluku Utara', '1971-04-24', ''),
(1976, 23, '1', 'Widyanto Agustinus', 'Salatiga', '1971-03-07', ''),
(1977, 23, '1', 'Ancilia Sintarini', 'Baturaja', '1970-12-07', ''),
(1978, 23, '1', 'Eduard Maholetty', 'Yogyakarta', '1969-10-31', ''),
(1979, 23, '1', 'Eliastuti Sumaskris', 'Yogyakarta', '1969-08-25', ''),
(1980, 23, '1', 'Aloysius Joko Santoso', 'Surakarta', '1968-11-25', ''),
(1981, 23, '1', 'Eka Lilyana', 'Yogyakarta', '1967-12-19', ''),
(1982, 23, '1', 'Albertus Saptoro', 'Yogyakarta', '1967-09-06', ''),
(1983, 23, '1', 'Rr. Maria Goretti Mawarijani', 'Yogyakarta', '1967-05-02', ''),
(1984, 23, '1', 'Hertok Surya Nugroho', 'Yogyakarta', '1967-04-28', ''),
(1985, 23, '1', 'Suyani', 'Yogyakarta', '1966-09-04', ''),
(1986, 23, '1', 'Untung Sunarwoto', 'Yogyakarta', '1966-06-03', ''),
(1987, 23, '1', 'Supatmi', 'Madura', '1965-06-23', ''),
(1988, 23, '1', 'Suraji', 'Yogyakarta', '1965-05-14', ''),
(1989, 23, '1', 'Ardi Prio Setyoto', 'Rembang', '1964-06-30', ''),
(1990, 23, '1', 'Vinsentia Fajar Lestari', 'Yogyakarta', '1963-09-27', ''),
(1991, 23, '1', 'Ana Sugiharti', 'Yogyakarta', '1963-05-21', ''),
(1992, 23, '1', 'Florentinus Agung Widodo', 'Ambarawa', '1962-10-27', ''),
(1993, 23, '1', 'Elina Yuliastanti Hiyanto', 'Yogyakarta', '1962-08-07', ''),
(1994, 23, '1', 'Ferry Ignatius Setiawan', 'Pekalongan', '1962-03-05', ''),
(1995, 23, '1', 'Bernadictus Bambang Sutrisno', 'Lampung Selatan', '1961-09-18', ''),
(1996, 23, '1', 'Sumarsono', 'Yogyakarta', '1961-09-15', ''),
(1997, 23, '1', 'Anastasia Mawarpeni Kristiani', 'Yogyakarta', '1961-05-05', ''),
(1998, 23, '1', 'Richardo Fernando', 'Jakarta', '1961-05-02', ''),
(1999, 23, '1', 'Sri Wahyuni', 'Weleri', '1961-03-19', ''),
(2000, 23, '1', 'Petrus Suradi Wahono', 'Yogyakarta', '1961-02-12', ''),
(2001, 23, '1', 'Wahyuni', 'Sleman', '1960-05-22', ''),
(2002, 23, '1', 'Darmastuti', 'Cimahi', '1959-11-13', ''),
(2003, 23, '1', 'Siti Markiyani', 'Yogyakarta', '1959-05-29', ''),
(2004, 23, '1', 'Chatarina Amiana', 'Yogyakarta', '1959-03-23', ''),
(2005, 23, '1', 'Rochani Dwi Handayani', 'Bandung', '1959-01-19', ''),
(2006, 23, '1', 'Soeprihatin', 'Salatiga', '1958-12-31', ''),
(2007, 23, '1', 'Yonggar Jati', 'Yogyakarta', '1958-01-05', ''),
(2008, 23, '1', 'Suhendrawati', 'Magetan', '1957-08-18', ''),
(2009, 23, '1', 'Agnes Puji Hartati', 'Yogyakarta', '1955-04-17', ''),
(2010, 23, '1', 'Cecilia Tulastuti', 'Yogyakarta', '1954-07-24', ''),
(2011, 24, '1', 'Aloysius Jevon Arya Wardana', 'Yogyakarta', '2009-09-04', ''),
(2012, 24, '1', 'Christoper Maynard Yunas', 'Yogyakarta', '2009-05-16', ''),
(2013, 24, '1', 'Yulia Billyart Archie Ananda', 'Yogyakarta', '2008-06-22', ''),
(2014, 24, '1', 'Andreas Puguh Suryotomo', 'Yogyakarta', '2007-08-13', ''),
(2015, 24, '1', 'Carolus Borromeus Lael Febrian', 'Yogyakarta', '2007-02-05', ''),
(2016, 24, '1', 'Bernadeta Vita Arum Kusuma', 'Yogyakarta', '2007-01-22', ''),
(2017, 24, '1', 'Antonius Vito Tatak Wijaya', 'Yogyakarta', '2007-01-22', ''),
(2018, 24, '1', 'Yustius Satya', 'Yogyakarta', '2007-01-09', ''),
(2019, 24, '1', 'Maria Pieta Lyra Listiantari', 'Yogyakarta', '2006-10-03', ''),
(2020, 24, '1', 'Christiano Rudolfo Galag', 'Yogyakarta', '2006-01-24', ''),
(2021, 24, '1', 'Rafael Muhamad Rafli Ariyanto', 'Yogyakarta', '2005-10-23', ''),
(2022, 24, '1', 'Maura Yulia', 'Yogyakarta', '2005-07-06', ''),
(2023, 24, '1', 'Matias Christian Abinaya', 'Yogyakarta', '2005-05-14', ''),
(2024, 24, '1', 'Dito Arviyan', 'Yogyakarta', '2004-12-03', ''),
(2025, 24, '1', 'Gusti Bagus Andrianto', 'Yogyakarta', '2004-10-27', ''),
(2026, 24, '1', 'Antonius Gilang Dharma Wicaksana', 'Yogyakarta', '2004-06-12', ''),
(2027, 24, '1', 'Cecilia Dwi Yuliana', 'Yogyakarta', '2003-07-24', ''),
(2028, 24, '1', 'Yuli Pradana', 'Yogyakarta', '2003-07-24', ''),
(2029, 24, '1', 'Yoccedema Thalia Maharani', 'Yogyakarta', '2003-06-08', ''),
(2030, 24, '1', 'Melsa Audina Arviyan', 'Yogyakarta', '2003-03-24', ''),
(2031, 24, '1', 'Kurnia Arditi Sarasati', 'Yogyakarta', '2002-06-30', ''),
(2032, 24, '1', 'Yohanes Aldo Dharma Ariyanto', 'Yogyakarta', '2002-06-24', ''),
(2033, 24, '1', 'Lanang Gludhux Prakoso', 'Yogyakarta', '2001-11-12', ''),
(2034, 24, '1', 'Damiana Reanita Sumantri', 'Lubuklinggau', '2001-09-26', ''),
(2035, 24, '1', 'Adela Yulia Ningsih', 'Makasar', '2001-07-17', ''),
(2036, 24, '1', 'Brigitta Maharani', 'Yogyakarta', '2001-06-16', ''),
(2037, 24, '1', 'Zean Dewangga', 'Yogyakarta', '2001-05-11', ''),
(2038, 24, '1', 'Fidella Agnes Evifani', 'Putussibau Kalbar', '2001-02-19', ''),
(2039, 24, '1', 'Carolina Arsa Adinda', 'Yogyakarta', '2000-11-08', ''),
(2040, 24, '1', 'Fransiska Weda Kristanti', 'Yogyakarta', '2000-08-12', ''),
(2041, 24, '1', 'Rosadema Valenthalia Anggraeni', 'Yogyakarta', '2000-02-14', ''),
(2042, 24, '1', 'Maria Hastha Matahari Hadisusanto', 'Bandar Lampung', '1999-09-08', ''),
(2043, 24, '1', 'Paulina Wananda Kristina Ningrum', 'Yogyakarta', '1999-06-30', ''),
(2044, 24, '1', 'Adriansa Brahmandoko', 'Yogyakarta', '1999-05-07', ''),
(2045, 24, '1', 'Feryan Wahana Poetra', 'Ujung Pandang', '1998-10-25', ''),
(2046, 24, '1', 'Brigita Yovin Puspa Wijayani', 'Yogyakarta', '1998-08-20', ''),
(2047, 24, '1', 'Elisabeth Federika', 'Yogyakarta', '1998-05-04', ''),
(2048, 24, '1', 'Anastasya Simamora', 'Bandar Negeri', '1998-03-01', ''),
(2049, 24, '1', 'Petrus Gallilea Saputro', 'Yogyakarta', '1998-02-12', ''),
(2050, 24, '1', 'Febiana Kornelia Wu', 'Samarinda', '1998-01-17', ''),
(2051, 24, '1', 'Krisnari Eka Puspito', 'Jakarta', '1998-01-06', ''),
(2052, 24, '1', 'Krisnari Eko Puspito', 'Jakarta', '1998-01-06', ''),
(2053, 24, '1', 'Vincentius Diky Prasetyo Aji', 'Yogyakarta', '1997-10-27', ''),
(2054, 24, '1', 'Monica Rosalia Dinda Ariyanto', 'Yogyakarta', '1997-08-15', ''),
(2055, 24, '1', 'Pius Raka Banyu Perwita', 'Yogyakarta', '1997-04-30', ''),
(2056, 24, '1', 'Hieroniumus Pintoko Jati Prasetyo', 'Gunung Kidul', '1997-03-10', ''),
(2057, 24, '1', 'Fausta Arba Adventus Lahairoi', 'Yogyakarta', '1996-12-10', ''),
(2058, 24, '1', 'Anggun Saputri', 'Klaten', '1996-08-27', ''),
(2059, 24, '1', 'Claudia Juliana Pattisalamun', 'Batam', '1996-07-12', ''),
(2060, 24, '1', 'Deangie Puthy', 'Yogyakarta', '1996-05-18', ''),
(2061, 24, '1', 'Neti Susanti', 'Sukoharjo', '1996-01-27', ''),
(2062, 24, '1', 'Abrian Yuwana Putra', 'Ujung Pandang', '1995-09-24', ''),
(2063, 24, '1', 'Nathalia Bimantiari Intravena', 'Yogyakarta', '1993-12-24', ''),
(2064, 24, '1', 'Joko Supadmono', 'Gunungkidul', '1992-05-11', ''),
(2065, 24, '1', 'Monika Joys Putriani', 'Makasar', '1992-04-08', ''),
(2066, 24, '1', 'Irene Ardini Larasati', 'Yogyakarta', '1991-10-24', ''),
(2067, 24, '1', 'Sri Lestari', 'Klaten', '1990-10-05', ''),
(2068, 24, '1', 'Yulius Yogy Adhitya', 'Gunungkidul', '1990-07-10', ''),
(2069, 24, '1', 'Yustina Indri Rahayu', 'Boyolali', '1990-06-08', ''),
(2070, 24, '1', 'Desia Ayu Gestania', 'Yogyakarta', '1989-12-09', ''),
(2071, 24, '1', 'Nola Amelia Sari', 'Yogyakarta', '1989-11-20', ''),
(2072, 24, '1', 'Elisabeth Yudhisteria Wanasti', 'Yogyakarta', '1989-07-24', ''),
(2073, 24, '1', 'Krisdianto Indra Pratama', 'Salatiga', '1989-04-13', ''),
(2074, 24, '1', 'Yohanes Kristanto', 'Yogyakarta', '1987-03-09', ''),
(2075, 24, '1', 'Asih Wahyuni', 'Yogyakarta', '1985-04-23', ''),
(2076, 24, '1', 'Thomas De Villanova Artuning Sugiarto', 'Yogyakarta', '1984-01-28', ''),
(2077, 24, '1', 'Bernadetta Dyah Suksmawati Sutrisno', 'Yogyakarta', '1983-03-19', ''),
(2078, 24, '1', 'V. Pujiastutiningsih', 'Jakarta', '1983-02-08', ''),
(2079, 24, '1', 'Erin Setyaningsih', 'Yogyakarta', '1982-12-05', ''),
(2080, 24, '1', 'Agustinus Andi Cahyo', 'Yogyakarta', '1980-11-25', ''),
(2081, 24, '1', 'Anasthasia Dwi Junita', 'Jakarta Selatan', '1980-06-06', ''),
(2082, 24, '1', 'Markus Prasetyo Apriyanto', 'Yogyakarta', '1980-04-19', ''),
(2083, 24, '1', 'Deki Bagus Wahyunugroho', 'Yogyakarta', '1979-12-13', ''),
(2084, 24, '1', 'Rahel Br Sembiring', 'Tiga Panah', '1979-02-21', ''),
(2085, 24, '1', 'Emanuel Yanuar Eko Prihanto', 'Yogyakarta', '1979-01-30', ''),
(2086, 24, '1', 'Aurea Nurni Sri Handayani', 'Sleman', '1979-01-14', ''),
(2087, 24, '1', 'Albertus Handoko Supriyatno', 'Jakarta', '1978-12-31', ''),
(2088, 24, '1', 'Ambrosius Nakulo', 'Yogyakarta', '1978-07-13', ''),
(2089, 24, '1', 'Sadewo', 'Yogyakarta', '1978-07-13', ''),
(2090, 24, '1', 'Irma Puji Harsanti', 'Yogyakarta', '1978-03-02', ''),
(2091, 24, '1', 'Danes Merkurius', 'Yogyakarta', '1978-02-19', ''),
(2092, 24, '1', 'S.T Widiyanto', 'Magelang', '1977-12-09', ''),
(2093, 24, '1', 'Andreas Avellianus Agus Veriyawan', 'Yogyakarta', '1977-08-21', ''),
(2094, 24, '1', 'Yosef Tri Wahyudi', 'Klaten', '1977-06-16', ''),
(2095, 24, '1', 'Antonius Sapto Yuliantoro', 'Yogyakarta', '1976-07-14', ''),
(2096, 24, '1', 'Fx. Wisnu Raharjo', 'Yogyakarta', '1975-10-20', ''),
(2097, 24, '1', 'Maria Elisabeth Enni Triawan', 'Yogyakarta', '1975-04-27', ''),
(2098, 24, '1', 'Dwi Rahayu', 'Magelang', '1974-12-08', ''),
(2099, 24, '1', 'Yohana Rinten Karwati', 'Sidoarjo', '1974-07-29', ''),
(2100, 24, '1', 'Sri Handayani', 'Yogyakarta', '1974-04-26', ''),
(2101, 24, '1', 'Francisca Andriani', 'Semarang', '1973-05-10', ''),
(2102, 24, '1', 'Isidorus Tri Subiakto', 'Yogyakarta', '1973-04-03', ''),
(2103, 24, '1', 'Aloysia Ria Wijayanti', 'Yogyakarta', '1973-02-28', ''),
(2104, 24, '1', 'Petrus Ari Ristiawan', 'Yogyakarta', '1973-01-28', ''),
(2105, 24, '1', 'Edi Iswanto', 'Yogyakarta', '1972-03-23', ''),
(2106, 24, '1', 'Mujiyono', 'Yogyakarta', '1972-01-15', ''),
(2107, 24, '1', 'Danis Finusti D', 'Yogyakarta', '1971-11-07', ''),
(2108, 24, '1', 'Cicilia Noryani', 'Yogyakarta', '1971-10-02', ''),
(2109, 24, '1', 'Maura Asih Suci Astutiningsih', 'Pontianak', '1971-05-03', ''),
(2110, 24, '1', 'Franciscus Xaverius Andy Setyawan', 'Yogyakarta', '1971-02-08', ''),
(2111, 24, '1', 'Wahyuningsih', 'Yogyakarta', '1971-01-31', ''),
(2112, 24, '1', 'Yohanes Joko Wiranto', 'Yogyakarta', '1970-02-06', ''),
(2113, 24, '1', 'Natalia Sri Purwanti', 'Sragen', '1969-10-10', ''),
(2114, 24, '1', 'Maria Septyaningsih', 'Yogyakarta', '1969-09-26', ''),
(2115, 24, '1', 'Istianto Manafe', 'Yogyakarta', '1969-08-24', ''),
(2116, 24, '1', 'Francisca Kurniasih', 'Yogyakarta', '1969-05-07', ''),
(2117, 24, '1', 'M. Dwi Sugiharti', 'Yogyakarta', '1969-03-14', ''),
(2118, 24, '1', 'Bernadus Dwi Hendri Yanto', 'Yogyakarta', '1969-02-20', ''),
(2119, 24, '1', 'Elisabeth Lisa Yuliastri', 'Pangkalan Berandan', '1968-07-10', ''),
(2120, 24, '1', 'Erwan Widya Anggoro Ag.', 'Yogyakarta', '1968-04-24', ''),
(2121, 24, '1', 'Suparmin', 'Yogyakarta', '1968-01-15', ''),
(2122, 24, '1', 'Suhardiyani', 'Yogyakarta', '1967-11-10', ''),
(2123, 24, '1', 'Lucius Elvi Hendarto', 'Yogyakarta', '1967-03-08', ''),
(2124, 24, '1', 'Veronica Hartini', 'Sukoharjo', '1966-12-20', ''),
(2125, 24, '1', 'Yohanes Tribudiarto', 'Yogyakarta', '1966-06-12', ''),
(2126, 24, '1', 'Yohanes Sudaryanto', 'Magelang', '1966-03-11', ''),
(2127, 24, '1', 'Vincentius Ari Indriyant0', 'Yogyakarta', '1966-01-31', ''),
(2128, 24, '1', 'Heru Nugroho', 'Yogyakarta', '1965-12-14', ''),
(2129, 24, '1', 'Maria Magdalena Erna Widiyastuti', 'Jakarta', '1965-11-27', ''),
(2130, 24, '1', 'Yuda Triningsih', 'Yogyakarta', '1965-10-27', ''),
(2131, 24, '1', 'Erna Octavianingsih', 'Surabaya', '1965-10-11', ''),
(2132, 24, '1', 'Widodo', 'Yogyakarta', '1963-12-31', ''),
(2133, 24, '1', 'Bambang Wisnu Setyawan', 'Yogyakarta', '1962-11-19', ''),
(2134, 24, '1', 'Ss. Bekti Utami', 'Yogyakarta', '1962-06-02', ''),
(2135, 24, '1', 'Hartini', 'Sleman', '1961-11-07', ''),
(2136, 24, '1', 'Chotimah', 'Yogyakarta', '1961-10-17', ''),
(2137, 24, '1', 'Irene Endang Murwani', 'Yogyakarta', '1960-04-26', ''),
(2138, 24, '1', 'Caecilia Rohminarsih', 'Yogyakarta', '1959-12-21', ''),
(2139, 24, '1', 'Maria Goretti Andjarwati', 'Yogyakarta', '1959-03-01', ''),
(2140, 24, '1', 'Djoko Wahono', 'Tasikmalaya', '1958-04-24', ''),
(2141, 24, '1', 'Andreas Sudarwis', 'Yogyakarta', '1957-10-21', ''),
(2142, 24, '1', 'Hp Hariyono', 'Klaten', '1957-08-07', ''),
(2143, 24, '1', 'Agus Suharsono', 'Cilacap', '1956-04-04', ''),
(2144, 24, '1', 'Lucia Suci Kiswani', 'Yogyakarta', '1955-10-16', ''),
(2145, 24, '1', 'Margaretha Maria Alacoque Sri Widarsih', 'Yogyakarta', '1955-09-10', ''),
(2146, 24, '1', 'Paulus Sudarisman', 'Yogyakarta', '1955-04-23', ''),
(2147, 24, '1', 'Damiana Ani Murniati', 'Gunung Kidul', '1955-02-12', ''),
(2148, 24, '1', 'Tjahyani', 'Yogyakarta', '1954-07-30', '');

-- --------------------------------------------------------

--
-- Table structure for table `user`
--

CREATE TABLE `user` (
  `userid` int(6) NOT NULL,
  `email` varchar(60) NOT NULL,
  `pass` varchar(600) NOT NULL,
  `nik` varchar(15) NOT NULL,
  `nama` varchar(60) NOT NULL,
  `paroki` varchar(60) NOT NULL,
  `lingkungan` varchar(60) NOT NULL,
  `alamat` varchar(300) NOT NULL,
  `tempat_lahir` varchar(60) NOT NULL,
  `tanggal_lahir` date NOT NULL,
  `no_handphone` varchar(15) NOT NULL
) ENGINE=MyISAM DEFAULT CHARSET=latin1;

--
-- Dumping data for table `user`
--

INSERT INTO `user` (`userid`, `email`, `pass`, `nik`, `nama`, `paroki`, `lingkungan`, `alamat`, `tempat_lahir`, `tanggal_lahir`, `no_handphone`) VALUES
(20, '03silvermine@gmail.com', '$2y$10$AGmqt7rCWt5i3L37gLVsi.jim99bWCaZ5SWlmJLZDAwwnxp/MA1ai', '123456678903322', 'Doni', 'GAMPING', 'Benediktus', 'Gamping', 'Sleman', '2004-07-22', '0987654321'),
(9, 'alexandrarichard@gmail.com', '$2y$10$ItvTgKxuK.t/1AccZx0EHelprA38jWgqZy4ZHnvAJ9nP3.Gvg3pNG', '731711098742121', 'Ezekel Juan Pippo', 'Pringwulung', 'Mrican', 'Jalan Gatotkaca Tulang Besi Otot Kawat 1F, Mrican', 'Panti Rapih', '0000-00-00', '085641493987'),
(19, 'felix.prihantoro@gmail.com', '$2y$10$OKXl7vWwCq.hiytFH/1FTu.RupmA.HHWa9jcGpF5vakyp3zlz2z0S', '350502910355111', 'Kevin Handriutomo', 'KOTABARU', 'Agustinus', 'Godean', 'Yogyakarta', '2001-01-07', '081234567890'),
(11, 'tan.koko91@gmail.com', '$2y$10$mYFga8pagYQ.UiVOpTuq5ONWcBhe0Z35PBYzFyblYUrIXkkFFRoUu', '330509261191', 'Tandrianto Koko Gunawan', 'Kutoarjo', 'Prembun', 'Jl. Raya 101 Prembun, Kebumen, Jawa Tengah, 54394', 'Kebumen', '1991-11-26', '085228484899'),
(12, 'samuel.bowo.kuliah@gmail.com', '$2y$10$LqgkLHVqcZZ7NycWWTLFb.d7Iuh1RxnNkqUk/RAnkIDJyW0PHBPQq', '17538193037389', 'Samuel', 'Kta', 'Kta', 'Sleman', 'Pwr', '1998-01-14', '08593626394'),
(13, 'xtwode@gmail.com', '$2y$10$3.fI0/GNFbFOTjwJqFvKY.FW7YroB4KrNhY.4dF4LeJl4RBeaAOXy', '350506032309000', 'Jason Broddy', 'Medari', 'Benediktus', 'Rewulu Kulon', 'Sleman', '1997-07-17', '0274744727'),
(14, 'berlinpadang27@gmail.com', '$2y$10$73F5sG5zCHBjj/sWajUmc.9i2dIvL/X93NuO4ZdfTRYhdvMGxyQyi', '123131', 'asdaad', 'test1', 'jogja', 'asdasdasda', 'asda', '2020-08-21', '1231312'),
(15, 'icanikhsan44@gmail.com', '$2y$10$UC2kC.4N/XP.riCCG99gf.cBMh16T4IcQQJxola46LpLSkrbGA2WS', '01020304', 'icanabimanyu', 'ican', 'jogja', 'agfsa', 'dfs', '2020-08-20', '1231312');

--
-- Indexes for dumped tables
--

--
-- Indexes for table `admin`
--
ALTER TABLE `admin`
  ADD PRIMARY KEY (`id`);

--
-- Indexes for table `berita`
--
ALTER TABLE `berita`
  ADD PRIMARY KEY (`beritaid`);

--
-- Indexes for table `blok`
--
ALTER TABLE `blok`
  ADD PRIMARY KEY (`blokid`);

--
-- Indexes for table `jadwal`
--
ALTER TABLE `jadwal`
  ADD PRIMARY KEY (`jadwalid`);

--
-- Indexes for table `lingkungan`
--
ALTER TABLE `lingkungan`
  ADD PRIMARY KEY (`lingkungan_id`);

--
-- Indexes for table `otp`
--
ALTER TABLE `otp`
  ADD PRIMARY KEY (`email`);

--
-- Indexes for table `paroki`
--
ALTER TABLE `paroki`
  ADD PRIMARY KEY (`paroki_id`);

--
-- Indexes for table `pemesanan`
--
ALTER TABLE `pemesanan`
  ADD PRIMARY KEY (`pesananid`);

--
-- Indexes for table `staff`
--
ALTER TABLE `staff`
  ADD PRIMARY KEY (`id`);

--
-- Indexes for table `umat`
--
ALTER TABLE `umat`
  ADD PRIMARY KEY (`umat_id`,`lingkungan_id`,`paroki_id`);

--
-- Indexes for table `user`
--
ALTER TABLE `user`
  ADD PRIMARY KEY (`userid`);

--
-- AUTO_INCREMENT for dumped tables
--

--
-- AUTO_INCREMENT for table `admin`
--
ALTER TABLE `admin`
  MODIFY `id` int(6) NOT NULL AUTO_INCREMENT, AUTO_INCREMENT=3;

--
-- AUTO_INCREMENT for table `berita`
--
ALTER TABLE `berita`
  MODIFY `beritaid` int(6) NOT NULL AUTO_INCREMENT, AUTO_INCREMENT=2;

--
-- AUTO_INCREMENT for table `jadwal`
--
ALTER TABLE `jadwal`
  MODIFY `jadwalid` int(6) NOT NULL AUTO_INCREMENT, AUTO_INCREMENT=8;

--
-- AUTO_INCREMENT for table `lingkungan`
--
ALTER TABLE `lingkungan`
  MODIFY `lingkungan_id` int(11) NOT NULL AUTO_INCREMENT, AUTO_INCREMENT=25;

--
-- AUTO_INCREMENT for table `pemesanan`
--
ALTER TABLE `pemesanan`
  MODIFY `pesananid` int(6) NOT NULL AUTO_INCREMENT, AUTO_INCREMENT=59;

--
-- AUTO_INCREMENT for table `staff`
--
ALTER TABLE `staff`
  MODIFY `id` int(6) NOT NULL AUTO_INCREMENT, AUTO_INCREMENT=3;

--
-- AUTO_INCREMENT for table `umat`
--
ALTER TABLE `umat`
  MODIFY `umat_id` int(11) NOT NULL AUTO_INCREMENT, AUTO_INCREMENT=2149;

--
-- AUTO_INCREMENT for table `user`
--
ALTER TABLE `user`
  MODIFY `userid` int(6) NOT NULL AUTO_INCREMENT, AUTO_INCREMENT=21;
COMMIT;

/*!40101 SET CHARACTER_SET_CLIENT=@OLD_CHARACTER_SET_CLIENT */;
/*!40101 SET CHARACTER_SET_RESULTS=@OLD_CHARACTER_SET_RESULTS */;
/*!40101 SET COLLATION_CONNECTION=@OLD_COLLATION_CONNECTION */;
